{'initData': {'commands': {'entries': [{'key': 'df -h',
                                        'value': b'Filesystem      Size  Used Avail Use% Mounted on\n/dev/root       4.3G  4.1G     0 100% /\ntmpfs  '
                                                 b'         1.8G  3.9M  1.8G   1% /dev/shm\ntmpfs           715M   12M  704M   2% /run\ntmpfs        '
                                                 b'   5.0M     0  5.0M   0% /run/lock\ntmpfs           100M     0  100M   0% /rwtmp\ntmpfs           '
                                                 b'150M  4.0K  150M   1% /tmp\ntmpfs           128M  240K  128M   1% /var\n/dev/sda10       12M   24K'
                                                 b'   11M   1% /systemrw\n/dev/sda12       89G  7.1G   77G   9% /data\n/dev/sda11      108M  2.4M   9'
                                                 b'7M   3% /cache\ntmpfs           128M  272K  128M   1% /var/log\noverlay         100M     0  100M  '
                                                 b' 0% /home\n/dev/sde9        28M   20M  7.3M  73% /dsp\n/dev/sde4       120M   43M   77M  36% /firm'
                                                 b'ware\ntmpfs           358M  4.0K  358M   1% /run/user/0\nnone             89G  7.1G   77G   9% /da'
                                                 b'ta/safe_staging/merged\n'},
                                       {'key': '/BUILD', 'value': b'e42442a296a29f4b830baa6b23482085ec347b3a\n2025-12-18T02:37:58\n'},
                                       {'key': 'SOM ID', 'value': b'1\n'},
                                       {'key': 'abl_a', 'value': b'a9804cc035934684197b4ec784b5a4371c625e489b8b7c1cc58c7f5a74a4fb8d'},
                                       {'key': 'abl_b', 'value': b'a9804cc035934684197b4ec784b5a4371c625e489b8b7c1cc58c7f5a74a4fb8d'},
                                       {'key': 'aop_a', 'value': b'0ebb3ca774d7cb90ece24c3cd0e6bb3ee09ce98fec7ee66478d6bd06207eb26b'},
                                       {'key': 'aop_b', 'value': b'0ebb3ca774d7cb90ece24c3cd0e6bb3ee09ce98fec7ee66478d6bd06207eb26b'},
                                       {'key': 'boot slot', 'value': b'_b'}, {'key': 'boot temp', 'value': b'BOOT_TEMP:29.0C'},
                                       {'key': 'devcfg_a', 'value': b'96f00a463e67f313f1e6f357e6e1330b975d6462ac0caf838a1b8af8f924e8da'},
                                       {'key': 'devcfg_b', 'value': b'96f00a463e67f313f1e6f357e6e1330b975d6462ac0caf838a1b8af8f924e8da'},
                                       {'key': 'lsblk',
                                        'value': b'NAME      SIZE STATE   VENDOR   MODEL          REV SERIAL\nsda     113.6G running WDC      SDINDD'
                                                 b'H4-128G 1272 W_XB.i\\x5cx26B\n\xe2\x94\x9c\xe2\x94\x80sda1      8K                              '
                                                 b'       \n\xe2\x94\x9c\xe2\x94\x80sda2     32M                                     \n'
                                                 b'\xe2\x94\x9c\xe2\x94\x80sda3      1M                                     \n\xe2\x94\x9c\xe2'
                                                 b'\x94\x80sda4    512K                                     \n\xe2\x94\x9c\xe2\x94\x80sda5    512K  '
                                                 b'                                   \n\xe2\x94\x9c\xe2\x94\x80sda6   11.6G                      '
                                                 b'               \n\xe2\x94\x9c\xe2\x94\x80sda7   11.6G                                     \n'
                                                 b'\xe2\x94\x9c\xe2\x94\x80sda8    128M                                     \n\xe2\x94\x9c\xe2'
                                                 b'\x94\x80sda9     32M                                     \n\xe2\x94\x9c\xe2\x94\x80sda10    16M  '
                                                 b'                                   \n\xe2\x94\x9c\xe2\x94\x80sda11   128M                      '
                                                 b'               \n\xe2\x94\x94\xe2\x94\x80sda12  90.1G                                     \nsdb '
                                                 b'        4M running WDC      SDINDDH4-128G 1272 W_XB.i\\x5cx26B\n\xe2\x94\x9c\xe2\x94\x80sdb1    '
                                                 b'3.5M                                     \n\xe2\x94\x94\xe2\x94\x80sdb2    468K                '
                                                 b'                     \nsdc         4M running WDC      SDINDDH4-128G 1272 W_XB.i\\x5cx26B\n'
                                                 b'\xe2\x94\x9c\xe2\x94\x80sdc1    3.5M                                     \n\xe2\x94\x94\xe2'
                                                 b'\x94\x80sdc2    468K                                     \nsdd       128M running WDC      SDIN'
                                                 b'DDH4-128G 1272 W_XB.i\\x5cx26B\n\xe2\x94\x9c\xe2\x94\x80sdd1    104K                            '
                                                 b'         \n\xe2\x94\x9c\xe2\x94\x80sdd2    128K                                     \n\xe2\x94'
                                                 b'\x94\xe2\x94\x80sdd3  127.7M                                     \nsde         4G running WDC    '
                                                 b'  SDINDDH4-128G 1272 W_XB.i\\x5cx26B\n\xe2\x94\x9c\xe2\x94\x80sde1    512K                      '
                                                 b'               \n\xe2\x94\x9c\xe2\x94\x80sde2      2M                                     \n'
                                                 b'\xe2\x94\x9c\xe2\x94\x80sde3    512K                                     \n\xe2\x94\x9c\xe2'
                                                 b'\x94\x80sde4    120M                                     \n\xe2\x94\x9c\xe2\x94\x80sde5      1M  '
                                                 b'                                   \n\xe2\x94\x9c\xe2\x94\x80sde6      4M                      '
                                                 b'               \n\xe2\x94\x9c\xe2\x94\x80sde7     32M                                     \n'
                                                 b'\xe2\x94\x9c\xe2\x94\x80sde8      1M                                     \n\xe2\x94\x9c\xe2'
                                                 b'\x94\x80sde9     32M                                     \n\xe2\x94\x9c\xe2\x94\x80sde10   512K  '
                                                 b'                                   \n\xe2\x94\x9c\xe2\x94\x80sde11    64M                      '
                                                 b'               \n\xe2\x94\x9c\xe2\x94\x80sde12   512K                                     \n'
                                                 b'\xe2\x94\x9c\xe2\x94\x80sde13   512K                                     \n\xe2\x94\x9c\xe2'
                                                 b'\x94\x80sde14   128K                                     \n\xe2\x94\x9c\xe2\x94\x80sde15    64K  '
                                                 b'                                   \n\xe2\x94\x9c\xe2\x94\x80sde16   128K                      '
                                                 b'               \n\xe2\x94\x9c\xe2\x94\x80sde17     1M                                     \n'
                                                 b'\xe2\x94\x9c\xe2\x94\x80sde18   512K                                     \n\xe2\x94\x9c\xe2'
                                                 b'\x94\x80sde19     2M                                     \n\xe2\x94\x9c\xe2\x94\x80sde20   512K  '
                                                 b'                                   \n\xe2\x94\x9c\xe2\x94\x80sde21   120M                      '
                                                 b'               \n\xe2\x94\x9c\xe2\x94\x80sde22     1M                                     \n'
                                                 b'\xe2\x94\x9c\xe2\x94\x80sde23     4M                                     \n\xe2\x94\x9c\xe2'
                                                 b'\x94\x80sde24    32M                                     \n\xe2\x94\x9c\xe2\x94\x80sde25     1M  '
                                                 b'                                   \n\xe2\x94\x9c\xe2\x94\x80sde26    32M                      '
                                                 b'               \n\xe2\x94\x9c\xe2\x94\x80sde27   512K                                     \n'
                                                 b'\xe2\x94\x9c\xe2\x94\x80sde28    64M                                     \n\xe2\x94\x9c\xe2'
                                                 b'\x94\x80sde29   512K                                     \n\xe2\x94\x9c\xe2\x94\x80sde30   512K  '
                                                 b'                                   \n\xe2\x94\x9c\xe2\x94\x80sde31   128K                      '
                                                 b'               \n\xe2\x94\x9c\xe2\x94\x80sde32    64K                                     \n'
                                                 b'\xe2\x94\x9c\xe2\x94\x80sde33   128K                                     \n\xe2\x94\x9c\xe2'
                                                 b'\x94\x80sde34     1M                                     \n\xe2\x94\x9c\xe2\x94\x80sde35    16K  '
                                                 b'                                   \n\xe2\x94\x9c\xe2\x94\x80sde36     4K                      '
                                                 b'               \n\xe2\x94\x9c\xe2\x94\x80sde37     1M                                     \n'
                                                 b'\xe2\x94\x9c\xe2\x94\x80sde38   512K                                     \n\xe2\x94\x9c\xe2'
                                                 b'\x94\x80sde39   256K                                     \n\xe2\x94\x9c\xe2\x94\x80sde40   256K  '
                                                 b'                                   \n\xe2\x94\x9c\xe2\x94\x80sde41     8M                      '
                                                 b'               \n\xe2\x94\x9c\xe2\x94\x80sde42  32.6M                                     \n'
                                                 b'\xe2\x94\x9c\xe2\x94\x80sde43     4K                                     \n\xe2\x94\x9c\xe2'
                                                 b'\x94\x80sde44     1M                                     \n\xe2\x94\x9c\xe2\x94\x80sde45     8M  '
                                                 b'                                   \n\xe2\x94\x9c\xe2\x94\x80sde46     2M                      '
                                                 b'               \n\xe2\x94\x9c\xe2\x94\x80sde47   128M                                     \n'
                                                 b'\xe2\x94\x94\xe2\x94\x80sde48   3.3G                                     \nsdf       1.5G runni'
                                                 b'ng WDC      SDINDDH4-128G 1272 W_XB.i\\x5cx26B\n\xe2\x94\x9c\xe2\x94\x80sdf1    104K            '
                                                 b'                         \n\xe2\x94\x9c\xe2\x94\x80sdf2      2M                                '
                                                 b'     \n\xe2\x94\x9c\xe2\x94\x80sdf3      2M                                     \n\xe2\x94'
                                                 b'\x9c\xe2\x94\x80sdf4      2M                                     \n\xe2\x94\x94\xe2\x94\x80sdf5'
                                                 b'    1.5G                                     \nzram0       0B                                    '
                                                 b' \n'},
                                       {'key': 'xbl_a', 'value': b'5b60dd8d2f356075b4e57363abfc2466c29116c9d7435e8897733d806ac29194'},
                                       {'key': 'xbl_b', 'value': b'5b60dd8d2f356075b4e57363abfc2466c29116c9d7435e8897733d806ac29194'},
                                       {'key': 'xbl_config_a', 'value': b'1d7448aa705f61919a6445cf99b38d6f88f5cfa454b20b0b0d40322b148dfba0'},
                                       {'key': 'xbl_config_b', 'value': b'b66f4911558ea8fa1b4296f5b3a07c54e12f025aafe5e5789eb4fc9d08b0dbef'}]},
              'deviceType': 'mici',
              'dirty': False,
              'dongleId': '99b215d21bbf8735',
              'gitBranch': 'ccnc-port-prebuilt',
              'gitCommit': 'f0ba17dff4be08f2c309ec9ea14e05be67b99710',
              'gitCommitDate': "'1775102522 2026-04-02 13:02:02 +0900'",
              'gitRemote': 'https://github.com/krvista/openpilot.git',
              'gitSrcCommit': '',
              'gitSrcCommitDate': '',
              'kernelArgs': ['rcupdate.rcu_expedited=1', 'console=ttyMSM0,115200n8', 'isolcpus=6,7', 'quiet', 'loglevel=3',
                             'earlycon=msm_geni_serial,0xA84000', 'androidboot.hardware=qcom', 'androidboot.console=ttyMSM0', 'ehci-hcd.park=3',
                             'lpm_levels.sleep_disabled=1', 'service_locator.enable=1', 'androidboot.selinux=permissive',
                             'firmware_class.path=/lib/firmware/updates', 'net.ifnames=0', 'dyndbg=""', 'root=/dev/sda7',
                             'androidboot.bootdevice=1d84000.ufshc', 'androidboot.serialno=dc80b5c4', 'androidboot.baseband=sdm',
                             'msm_drm.dsi_display0=dsi_dwo_video_display:', 'androidboot.slot_suffix=_b', 'skip_initramfs', 'rootwait', 'ro',
                             'init=/sbin/init'],
              'kernelVersion': 'Linux version 4.9.103 (batman@docker) (gcc version 8.2.1 20180802 (GNU Toolchain for the A-profile Architecture '
                               '8.2-2018-08 (arm-rel-8.23)) ) #3 SMP PREEMPT Thu Dec 18 02:28:16 UTC 2025\n',
              'osVersion': '16\n',
              'params': {'entries': [{'key': 'ApiCache_FirehoseStats', 'value': b'{"firehose": 0}'}, {'key': 'AthenadPid', 'value': b'26196'},
                                     {'key': 'AthenadRecentlyViewedRoutes',
                                      'value': b',00000000--ef89bc171e,99b215d21bbf8735|00000000--ef89bc171e,99b215d21bbf8735|00000000--4697c5ed8c,00'
                                               b'000002--7eb9ebb7bb,99b215d21bbf8735|00000002--7eb9ebb7bb,99b215d21bbf8735|00000003--fb08c113ee,99b21'
                                               b'5d21bbf8735|00000004--90915acd0e,00000004--90915acd0e'},
                                     {'key': 'AthenadUploadQueue', 'value': b'[]'}, {'key': 'AutoLaneChangeBsmDelay', 'value': b'0'},
                                     {'key': 'AutoLaneChangeTimer', 'value': b'0'}, {'key': 'BlindSpot', 'value': b'0'},
                                     {'key': 'BlinkerLateralReengageDelay', 'value': b'0'}, {'key': 'BlinkerMinLateralControlSpeed', 'value': b'20'},
                                     {'key': 'BlinkerPauseLateralControl', 'value': b'0'}, {'key': 'BootCount', 'value': b'15'},
                                     {'key': 'Brightness', 'value': b'0'},
                                     {'key': 'CalibrationParams',
                                      'value': b'\x00\x00\x00\x00\x15\x00\x00\x00\x00\x00\x00\x00\x02\x00\x01\x00\xae\x9f\xdau\xd9\x00\x00\x00'
                                               b'\x12\x00\x00\x00\x00\x00\x00\x00\x00\x00\x00\x00\x02\x00\x08\x00\x00d\x01\x00\x00\x00\x00\x00'
                                               b'2\x00\x00\x00\x00\x00\x00\x00\x00\x00\x00\x00\x00\x00\x00\x00\x00\x00\x00\x00\x00\x00\x00\x00'
                                               b'\x00\x00\x00\x00\x00\x00\x00\x00\x00\x00\x00\x00\x00\x00\x00\x00\r\x00\x00\x00\x1c\x00\x00\x00'
                                               b'\x11\x00\x00\x00\x1c\x00\x00\x00\x15\x00\x00\x00\x1c\x00\x00\x00\x19\x00\x00\x00\x0c\x00\x00\x00'
                                               b'\x15t\x04\xb7\xb3@@\xbb\r\xa4\xb4<\x00\x00\x00\x00\xe7\xd4\x907\xa9$8<\xc6\xa7\xea;\x00\x00\x00\x00'
                                               b'r\xe2x\xb7\x1c\xde\xec\xbb\xae\xf1\xe3;\x00\x00\x00\x00\xf6\xec\x9a?\x00\x00\x00\x00'},
                                     {'key': 'CameraOffset', 'value': b'0.0'}, {'key': 'CarBatteryCapacity', 'value': b'30000000'},
                                     {'key': 'CarList',
                                      'value': b'{"Acura ILX 2016-18": {"platform": "ACURA_ILX", "make": "Acura", "brand": "honda", "model": "ILX", "'
                                               b'year": ["2016", "2017", "2018"], "package": "Technology Plus Package or AcuraWatch Plus"}, "Acura IL'
                                               b'X 2019": {"platform": "ACURA_ILX", "make": "Acura", "brand": "honda", "model": "ILX", "year": ["2019'
                                               b'"], "package": "All"}, "Acura MDX 2025-26": {"platform": "ACURA_MDX_4G_MMR", "make": "Acura", "brand'
                                               b'": "honda", "model": "MDX", "year": ["2025", "2026"], "package": "All except Type S"}, "Acura RDX 20'
                                               b'16-18": {"platform": "ACURA_RDX", "make": "Acura", "brand": "honda", "model": "RDX", "year": ["2016"'
                                               b', "2017", "2018"], "package": "AcuraWatch Plus or Advance Package"}, "Acura RDX 2019-21": {"platform'
                                               b'": "ACURA_RDX_3G", "make": "Acura", "brand": "honda", "model": "RDX", "year": ["2019", "2020", "2021'
                                               b'"], "package": "All"}, "Acura TLX 2021": {"platform": "ACURA_TLX_2G", "make": "Acura", "brand": "hon'
                                               b'da", "model": "TLX", "year": ["2021"], "package": "All"}, "Acura TLX 2025": {"platform": "ACURA_TLX_'
                                               b'2G_MMR", "make": "Acura", "brand": "honda", "model": "TLX", "year": ["2025"], "package": "All"}, "Au'
                                               b'di A3 2014-19": {"platform": "AUDI_A3_MK3", "make": "Audi", "brand": "volkswagen", "model": "A3", "y'
                                               b'ear": ["2014", "2015", "2016", "2017", "2018", "2019"], "package": "Adaptive Cruise Control (ACC) & '
                                               b'Lane Assist"}, "Audi A3 Sportback e-tron 2017-18": {"platform": "AUDI_A3_MK3", "make": "Audi", "bran'
                                               b'd": "volkswagen", "model": "A3 Sportback e-tron", "year": ["2017", "2018"], "package": "Adaptive Cru'
                                               b'ise Control (ACC) & Lane Assist"}, "Audi Q2 2018": {"platform": "AUDI_Q2_MK1", "make": "Audi", "bran'
                                               b'd": "volkswagen", "model": "Q2", "year": ["2018"], "package": "Adaptive Cruise Control (ACC) & Lane '
                                               b'Assist"}, "Audi Q3 2019-24": {"platform": "AUDI_Q3_MK2", "make": "Audi", "brand": "volkswagen", "mod'
                                               b'el": "Q3", "year": ["2019", "2020", "2021", "2022", "2023", "2024"], "package": "Adaptive Cruise Con'
                                               b'trol (ACC) & Lane Assist"}, "Audi RS3 2018": {"platform": "AUDI_A3_MK3", "make": "Audi", "brand": "v'
                                               b'olkswagen", "model": "RS3", "year": ["2018"], "package": "Adaptive Cruise Control (ACC) & Lane Assis'
                                               b't"}, "Audi S3 2015-17": {"platform": "AUDI_A3_MK3", "make": "Audi", "brand": "volkswagen", "model": '
                                               b'"S3", "year": ["2015", "2016", "2017"], "package": "Adaptive Cruise Control (ACC) & Lane Assist"}, "'
                                               b'Buick LaCrosse 2017-19": {"platform": "BUICK_LACROSSE", "make": "Buick", "brand": "gm", "model": "La'
                                               b'Crosse", "year": ["2017", "2018", "2019"], "package": "Driver Confidence Package 2"}, "Cadillac Esca'
                                               b'lade 2017": {"platform": "CADILLAC_ESCALADE", "make": "Cadillac", "brand": "gm", "model": "Escalade"'
                                               b', "year": ["2017"], "package": "Driver Assist Package"}, "Cadillac Escalade ESV 2016": {"platform": '
                                               b'"CADILLAC_ESCALADE_ESV", "make": "Cadillac", "brand": "gm", "model": "Escalade ESV", "year": ["2016"'
                                               b'], "package": "Adaptive Cruise Control (ACC) & LKAS"}, "Cadillac Escalade ESV 2019": {"platform": "C'
                                               b'ADILLAC_ESCALADE_ESV_2019", "make": "Cadillac", "brand": "gm", "model": "Escalade ESV", "year": ["20'
                                               b'19"], "package": "Adaptive Cruise Control (ACC) & LKAS"}, "Cadillac XT4 2023": {"platform": "CADILLA'
                                               b'C_XT4", "make": "Cadillac", "brand": "gm", "model": "XT4", "year": ["2023"], "package": "Driver Assi'
                                               b'st Package"}, "Chevrolet Bolt EUV 2022-23": {"platform": "CHEVROLET_BOLT_EUV", "make": "Chevrolet", '
                                               b'"brand": "gm", "model": "Bolt EUV", "year": ["2022", "2023"], "package": "Premier or Premier Redline'
                                               b' Trim, without Super Cruise Package"}, "Chevrolet Bolt EUV LT Non-ACC 2022-23": {"platform": "CHEVRO'
                                               b'LET_BOLT_NON_ACC_2ND_GEN", "make": "Chevrolet", "brand": "gm", "model": "Bolt EUV LT Non-ACC", "year'
                                               b'": ["2022", "2023"], "package": "No Adaptive Cruise Control (Non-ACC)"}, "Chevrolet Bolt EV 2022-23"'
                                               b': {"platform": "CHEVROLET_BOLT_EUV", "make": "Chevrolet", "brand": "gm", "model": "Bolt EV", "year":'
                                               b' ["2022", "2023"], "package": "2LT Trim with Adaptive Cruise Control Package"}, "Chevrolet Bolt EV L'
                                               b'T Non-ACC 2022-23": {"platform": "CHEVROLET_BOLT_NON_ACC_2ND_GEN", "make": "Chevrolet", "brand": "gm'
                                               b'", "model": "Bolt EV LT Non-ACC", "year": ["2022", "2023"], "package": "No Adaptive Cruise Control ('
                                               b'Non-ACC)"}, "Chevrolet Bolt EV Non-ACC 2017": {"platform": "CHEVROLET_BOLT_NON_ACC", "make": "Chevro'
                                               b'let", "brand": "gm", "model": "Bolt EV Non-ACC", "year": ["2017"], "package": "No Adaptive Cruise Co'
                                               b'ntrol (Non-ACC)"}, "Chevrolet Bolt EV Non-ACC 2018-21": {"platform": "CHEVROLET_BOLT_NON_ACC_1ST_GEN'
                                               b'", "make": "Chevrolet", "brand": "gm", "model": "Bolt EV Non-ACC", "year": ["2018", "2019", "2020", '
                                               b'"2021"], "package": "No Adaptive Cruise Control (Non-ACC)"}, "Chevrolet Equinox 2019-22": {"platform'
                                               b'": "CHEVROLET_EQUINOX", "make": "Chevrolet", "brand": "gm", "model": "Equinox", "year": ["2019", "20'
                                               b'20", "2021", "2022"], "package": "Adaptive Cruise Control (ACC)"}, "Chevrolet Equinox Non-ACC 2019-2'
                                               b'2": {"platform": "CHEVROLET_EQUINOX_NON_ACC_3RD_GEN", "make": "Chevrolet", "brand": "gm", "model": "'
                                               b'Equinox Non-ACC", "year": ["2019", "2020", "2021", "2022"], "package": "No Adaptive Cruise Control ('
                                               b'Non-ACC)"}, "Chevrolet Malibu Non-ACC 2016-23": {"platform": "CHEVROLET_MALIBU_NON_ACC_9TH_GEN", "ma'
                                               b'ke": "Chevrolet", "brand": "gm", "model": "Malibu Non-ACC", "year": ["2016", "2017", "2018", "2019",'
                                               b' "2020", "2021", "2022", "2023"], "package": "No Adaptive Cruise Control (Non-ACC)"}, "Chevrolet Sil'
                                               b'verado 1500 2020-21": {"platform": "CHEVROLET_SILVERADO", "make": "Chevrolet", "brand": "gm", "model'
                                               b'": "Silverado 1500", "year": ["2020", "2021"], "package": "Safety Package II"}, "Chevrolet Trailblaz'
                                               b'er 2021-22": {"platform": "CHEVROLET_TRAILBLAZER", "make": "Chevrolet", "brand": "gm", "model": "Tra'
                                               b'ilblazer", "year": ["2021", "2022"], "package": "Adaptive Cruise Control (ACC)"}, "Chevrolet Travers'
                                               b'e 2022-23": {"platform": "CHEVROLET_TRAVERSE", "make": "Chevrolet", "brand": "gm", "model": "Travers'
                                               b'e", "year": ["2022", "2023"], "package": "RS, Premier, or High Country Trim"}, "Chevrolet Volt 2017-'
                                               b'18": {"platform": "CHEVROLET_VOLT", "make": "Chevrolet", "brand": "gm", "model": "Volt", "year": ["2'
                                               b'017", "2018"], "package": "Adaptive Cruise Control (ACC)"}, "Chevrolet Volt 2019": {"platform": "CHE'
                                               b'VROLET_VOLT_2019", "make": "Chevrolet", "brand": "gm", "model": "Volt", "year": ["2019"], "package":'
                                               b' "Adaptive Cruise Control (ACC) & LKAS"}, "Chrysler Pacifica 2017-18": {"platform": "CHRYSLER_PACIFI'
                                               b'CA_2018", "make": "Chrysler", "brand": "chrysler", "model": "Pacifica", "year": ["2017", "2018"], "p'
                                               b'ackage": "Adaptive Cruise Control (ACC)"}, "Chrysler Pacifica 2019-20": {"platform": "CHRYSLER_PACIF'
                                               b'ICA_2020", "make": "Chrysler", "brand": "chrysler", "model": "Pacifica", "year": ["2019", "2020"], "'
                                               b'package": "Adaptive Cruise Control (ACC)"}, "Chrysler Pacifica 2021-23": {"platform": "CHRYSLER_PACI'
                                               b'FICA_2020", "make": "Chrysler", "brand": "chrysler", "model": "Pacifica", "year": ["2021", "2022", "'
                                               b'2023"], "package": "All"}, "Chrysler Pacifica Hybrid 2017-18": {"platform": "CHRYSLER_PACIFICA_2018_'
                                               b'HYBRID", "make": "Chrysler", "brand": "chrysler", "model": "Pacifica Hybrid", "year": ["2017", "2018'
                                               b'"], "package": "Adaptive Cruise Control (ACC)"}, "Chrysler Pacifica Hybrid 2019-25": {"platform": "C'
                                               b'HRYSLER_PACIFICA_2019_HYBRID", "make": "Chrysler", "brand": "chrysler", "model": "Pacifica Hybrid", '
                                               b'"year": ["2019", "2020", "2021", "2022", "2023", "2024", "2025"], "package": "Adaptive Cruise Contro'
                                               b'l (ACC)"}, "comma body": {"platform": "COMMA_BODY", "make": "comma", "brand": "body", "model": "body'
                                               b'", "year": [], "package": "All"}, "CUPRA Ateca 2018-23": {"platform": "SEAT_ATECA_MK1", "make": "CUP'
                                               b'RA", "brand": "volkswagen", "model": "Ateca", "year": ["2018", "2019", "2020", "2021", "2022", "2023'
                                               b'"], "package": "Adaptive Cruise Control (ACC) & Lane Assist"}, "Dodge Durango 2020-21": {"platform":'
                                               b' "DODGE_DURANGO", "make": "Dodge", "brand": "chrysler", "model": "Durango", "year": ["2020", "2021"]'
                                               b', "package": "Adaptive Cruise Control (ACC)"}, "Ford Bronco Sport 2021-24": {"platform": "FORD_BRONC'
                                               b'O_SPORT_MK1", "make": "Ford", "brand": "ford", "model": "Bronco Sport", "year": ["2021", "2022", "20'
                                               b'23", "2024"], "package": "Co-Pilot360 Assist+"}, "Ford Escape 2020-22": {"platform": "FORD_ESCAPE_MK'
                                               b'4", "make": "Ford", "brand": "ford", "model": "Escape", "year": ["2020", "2021", "2022"], "package":'
                                               b' "Co-Pilot360 Assist+"}, "Ford Escape 2023-24": {"platform": "FORD_ESCAPE_MK4_5", "make": "Ford", "b'
                                               b'rand": "ford", "model": "Escape", "year": ["2023", "2024"], "package": "Co-Pilot360 Assist+"}, "Ford'
                                               b' Escape Hybrid 2020-22": {"platform": "FORD_ESCAPE_MK4", "make": "Ford", "brand": "ford", "model": "'
                                               b'Escape Hybrid", "year": ["2020", "2021", "2022"], "package": "Co-Pilot360 Assist+"}, "Ford Escape Hy'
                                               b'brid 2023-24": {"platform": "FORD_ESCAPE_MK4_5", "make": "Ford", "brand": "ford", "model": "Escape H'
                                               b'ybrid", "year": ["2023", "2024"], "package": "Co-Pilot360 Assist+"}, "Ford Escape Plug-in Hybrid 202'
                                               b'0-22": {"platform": "FORD_ESCAPE_MK4", "make": "Ford", "brand": "ford", "model": "Escape Plug-in Hyb'
                                               b'rid", "year": ["2020", "2021", "2022"], "package": "Co-Pilot360 Assist+"}, "Ford Escape Plug-in Hybr'
                                               b'id 2023-24": {"platform": "FORD_ESCAPE_MK4_5", "make": "Ford", "brand": "ford", "model": "Escape Plu'
                                               b'g-in Hybrid", "year": ["2023", "2024"], "package": "Co-Pilot360 Assist+"}, "Ford Expedition 2022-24"'
                                               b': {"platform": "FORD_EXPEDITION_MK4", "make": "Ford", "brand": "ford", "model": "Expedition", "year"'
                                               b': ["2022", "2023", "2024"], "package": "Co-Pilot360 Assist 2.0"}, "Ford Explorer 2020-24": {"platfor'
                                               b'm": "FORD_EXPLORER_MK6", "make": "Ford", "brand": "ford", "model": "Explorer", "year": ["2020", "202'
                                               b'1", "2022", "2023", "2024"], "package": "Co-Pilot360 Assist+"}, "Ford Explorer Hybrid 2020-24": {"pl'
                                               b'atform": "FORD_EXPLORER_MK6", "make": "Ford", "brand": "ford", "model": "Explorer Hybrid", "year": ['
                                               b'"2020", "2021", "2022", "2023", "2024"], "package": "Co-Pilot360 Assist+"}, "Ford F-150 2021-23": {"'
                                               b'platform": "FORD_F_150_MK14", "make": "Ford", "brand": "ford", "model": "F-150", "year": ["2021", "2'
                                               b'022", "2023"], "package": "Co-Pilot360 Assist 2.0"}, "Ford F-150 Hybrid 2021-23": {"platform": "FORD'
                                               b'_F_150_MK14", "make": "Ford", "brand": "ford", "model": "F-150 Hybrid", "year": ["2021", "2022", "20'
                                               b'23"], "package": "Co-Pilot360 Assist 2.0"}, "Ford F-150 Lightning 2022-23": {"platform": "FORD_F_150'
                                               b'_LIGHTNING_MK1", "make": "Ford", "brand": "ford", "model": "F-150 Lightning", "year": ["2022", "2023'
                                               b'"], "package": "Co-Pilot360 Assist 2.0"}, "Ford Focus 2018": {"platform": "FORD_FOCUS_MK4", "make": '
                                               b'"Ford", "brand": "ford", "model": "Focus", "year": ["2018"], "package": "Adaptive Cruise Control wit'
                                               b'h Lane Centering"}, "Ford Focus Hybrid 2018": {"platform": "FORD_FOCUS_MK4", "make": "Ford", "brand"'
                                               b': "ford", "model": "Focus Hybrid", "year": ["2018"], "package": "Adaptive Cruise Control with Lane C'
                                               b'entering"}, "Ford Kuga 2020-23": {"platform": "FORD_ESCAPE_MK4", "make": "Ford", "brand": "ford", "m'
                                               b'odel": "Kuga", "year": ["2020", "2021", "2022", "2023"], "package": "Adaptive Cruise Control with La'
                                               b'ne Centering"}, "Ford Kuga Hybrid 2020-23": {"platform": "FORD_ESCAPE_MK4", "make": "Ford", "brand":'
                                               b' "ford", "model": "Kuga Hybrid", "year": ["2020", "2021", "2022", "2023"], "package": "Adaptive Crui'
                                               b'se Control with Lane Centering"}, "Ford Kuga Hybrid 2024": {"platform": "FORD_ESCAPE_MK4_5", "make":'
                                               b' "Ford", "brand": "ford", "model": "Kuga Hybrid", "year": ["2024"], "package": "All"}, "Ford Kuga Pl'
                                               b'ug-in Hybrid 2020-23": {"platform": "FORD_ESCAPE_MK4", "make": "Ford", "brand": "ford", "model": "Ku'
                                               b'ga Plug-in Hybrid", "year": ["2020", "2021", "2022", "2023"], "package": "Adaptive Cruise Control wi'
                                               b'th Lane Centering"}, "Ford Kuga Plug-in Hybrid 2024": {"platform": "FORD_ESCAPE_MK4_5", "make": "For'
                                               b'd", "brand": "ford", "model": "Kuga Plug-in Hybrid", "year": ["2024"], "package": "All"}, "Ford Mave'
                                               b'rick 2022": {"platform": "FORD_MAVERICK_MK1", "make": "Ford", "brand": "ford", "model": "Maverick", '
                                               b'"year": ["2022"], "package": "LARIAT Luxury"}, "Ford Maverick 2023-24": {"platform": "FORD_MAVERICK_'
                                               b'MK1", "make": "Ford", "brand": "ford", "model": "Maverick", "year": ["2023", "2024"], "package": "Co'
                                               b'-Pilot360 Assist"}, "Ford Maverick Hybrid 2022": {"platform": "FORD_MAVERICK_MK1", "make": "Ford", "'
                                               b'brand": "ford", "model": "Maverick Hybrid", "year": ["2022"], "package": "LARIAT Luxury"}, "Ford Mav'
                                               b'erick Hybrid 2023-24": {"platform": "FORD_MAVERICK_MK1", "make": "Ford", "brand": "ford", "model": "'
                                               b'Maverick Hybrid", "year": ["2023", "2024"], "package": "Co-Pilot360 Assist"}, "Ford Mustang Mach-E 2'
                                               b'021-24": {"platform": "FORD_MUSTANG_MACH_E_MK1", "make": "Ford", "brand": "ford", "model": "Mustang '
                                               b'Mach-E", "year": ["2021", "2022", "2023", "2024"], "package": "All"}, "Ford Ranger 2024": {"platform'
                                               b'": "FORD_RANGER_MK2", "make": "Ford", "brand": "ford", "model": "Ranger", "year": ["2024"], "package'
                                               b'": "Adaptive Cruise Control with Lane Centering"}, "Genesis G70 2018": {"platform": "GENESIS_G70", "'
                                               b'make": "Genesis", "brand": "hyundai", "model": "G70", "year": ["2018"], "package": "All"}, "Genesis '
                                               b'G70 2019-21": {"platform": "GENESIS_G70_2020", "make": "Genesis", "brand": "hyundai", "model": "G70"'
                                               b', "year": ["2019", "2020", "2021"], "package": "All"}, "Genesis G70 2022-23": {"platform": "GENESIS_'
                                               b'G70_2020", "make": "Genesis", "brand": "hyundai", "model": "G70", "year": ["2022", "2023"], "package'
                                               b'": "All"}, "Genesis G80 2017": {"platform": "HYUNDAI_GENESIS", "make": "Genesis", "brand": "hyundai"'
                                               b', "model": "G80", "year": ["2017"], "package": "All"}, "Genesis G80 2018-19": {"platform": "GENESIS_'
                                               b'G80", "make": "Genesis", "brand": "hyundai", "model": "G80", "year": ["2018", "2019"], "package": "A'
                                               b'll"}, "Genesis G80 (2.5T Advanced Trim, with HDA II) 2024": {"platform": "GENESIS_G80_2ND_GEN_FL", "'
                                               b'make": "Genesis", "brand": "hyundai", "model": "G80 (2.5T Advanced Trim, with HDA II)", "year": ["20'
                                               b'24"], "package": "Highway Driving Assist II"}, "Genesis G90 2017-20": {"platform": "GENESIS_G90", "m'
                                               b'ake": "Genesis", "brand": "hyundai", "model": "G90", "year": ["2017", "2018", "2019", "2020"], "pack'
                                               b'age": "All"}, "Genesis GV60 (Advanced Trim) 2023": {"platform": "GENESIS_GV60_EV_1ST_GEN", "make": "'
                                               b'Genesis", "brand": "hyundai", "model": "GV60 (Advanced Trim)", "year": ["2023"], "package": "All"}, '
                                               b'"Genesis GV60 (Performance Trim) 2022-23": {"platform": "GENESIS_GV60_EV_1ST_GEN", "make": "Genesis"'
                                               b', "brand": "hyundai", "model": "GV60 (Performance Trim)", "year": ["2022", "2023"], "package": "All"'
                                               b'}, "Genesis GV70 (2.5T Trim, without HDA II) 2022-24": {"platform": "GENESIS_GV70_1ST_GEN", "make": '
                                               b'"Genesis", "brand": "hyundai", "model": "GV70 (2.5T Trim, without HDA II)", "year": ["2022", "2023",'
                                               b' "2024"], "package": "All"}, "Genesis GV70 (3.5T Trim, without HDA II) 2022-23": {"platform": "GENES'
                                               b'IS_GV70_1ST_GEN", "make": "Genesis", "brand": "hyundai", "model": "GV70 (3.5T Trim, without HDA II)"'
                                               b', "year": ["2022", "2023"], "package": "All"}, "Genesis GV70 Electrified (Australia Only) 2022": {"p'
                                               b'latform": "GENESIS_GV70_ELECTRIFIED_1ST_GEN", "make": "Genesis", "brand": "hyundai", "model": "GV70 '
                                               b'Electrified (Australia Only)", "year": ["2022"], "package": "All"}, "Genesis GV70 Electrified (with '
                                               b'HDA II) 2023-24": {"platform": "GENESIS_GV70_ELECTRIFIED_1ST_GEN", "make": "Genesis", "brand": "hyun'
                                               b'dai", "model": "GV70 Electrified (with HDA II)", "year": ["2023", "2024"], "package": "Highway Drivi'
                                               b'ng Assist II"}, "Genesis GV80 2023": {"platform": "GENESIS_GV80", "make": "Genesis", "brand": "hyund'
                                               b'ai", "model": "GV80", "year": ["2023"], "package": "All"}, "GMC Acadia 2018": {"platform": "GMC_ACAD'
                                               b'IA", "make": "GMC", "brand": "gm", "model": "Acadia", "year": ["2018"], "package": "Adaptive Cruise '
                                               b'Control (ACC)"}, "GMC Sierra 1500 2020-21": {"platform": "CHEVROLET_SILVERADO", "make": "GMC", "bran'
                                               b'd": "gm", "model": "Sierra 1500", "year": ["2020", "2021"], "package": "Driver Alert Package II"}, "'
                                               b'Honda Accord 2018-22": {"platform": "HONDA_ACCORD", "make": "Honda", "brand": "honda", "model": "Acc'
                                               b'ord", "year": ["2018", "2019", "2020", "2021", "2022"], "package": "All"}, "Honda Accord 2023-25": {'
                                               b'"platform": "HONDA_ACCORD_11G", "make": "Honda", "brand": "honda", "model": "Accord", "year": ["2023'
                                               b'", "2024", "2025"], "package": "All"}, "Honda Accord Hybrid 2018-22": {"platform": "HONDA_ACCORD", "'
                                               b'make": "Honda", "brand": "honda", "model": "Accord Hybrid", "year": ["2018", "2019", "2020", "2021",'
                                               b' "2022"], "package": "All"}, "Honda Accord Hybrid 2023-25": {"platform": "HONDA_ACCORD_11G", "make":'
                                               b' "Honda", "brand": "honda", "model": "Accord Hybrid", "year": ["2023", "2024", "2025"], "package": "'
                                               b'All"}, "Honda City (Brazil only) 2023": {"platform": "HONDA_CITY_7G", "make": "Honda", "brand": "hon'
                                               b'da", "model": "City (Brazil only)", "year": ["2023"], "package": "All"}, "Honda Civic 2016-18": {"pl'
                                               b'atform": "HONDA_CIVIC", "make": "Honda", "brand": "honda", "model": "Civic", "year": ["2016", "2017"'
                                               b', "2018"], "package": "Honda Sensing"}, "Honda Civic 2019-21": {"platform": "HONDA_CIVIC_BOSCH", "ma'
                                               b'ke": "Honda", "brand": "honda", "model": "Civic", "year": ["2019", "2020", "2021"], "package": "All"'
                                               b'}, "Honda Civic 2022-24": {"platform": "HONDA_CIVIC_2022", "make": "Honda", "brand": "honda", "model'
                                               b'": "Civic", "year": ["2022", "2023", "2024"], "package": "All"}, "Honda Civic Hatchback 2017-18": {"'
                                               b'platform": "HONDA_CIVIC_BOSCH", "make": "Honda", "brand": "honda", "model": "Civic Hatchback", "year'
                                               b'": ["2017", "2018"], "package": "Honda Sensing"}, "Honda Civic Hatchback 2019-21": {"platform": "HON'
                                               b'DA_CIVIC_BOSCH", "make": "Honda", "brand": "honda", "model": "Civic Hatchback", "year": ["2019", "20'
                                               b'20", "2021"], "package": "All"}, "Honda Civic Hatchback 2022-24": {"platform": "HONDA_CIVIC_2022", "'
                                               b'make": "Honda", "brand": "honda", "model": "Civic Hatchback", "year": ["2022", "2023", "2024"], "pac'
                                               b'kage": "All"}, "Honda Civic Hatchback Hybrid 2025-26": {"platform": "HONDA_CIVIC_2022", "make": "Hon'
                                               b'da", "brand": "honda", "model": "Civic Hatchback Hybrid", "year": ["2025", "2026"], "package": "All"'
                                               b'}, "Honda Civic Hatchback Hybrid (Europe only) 2023": {"platform": "HONDA_CIVIC_2022", "make": "Hond'
                                               b'a", "brand": "honda", "model": "Civic Hatchback Hybrid (Europe only)", "year": ["2023"], "package": '
                                               b'"All"}, "Honda Civic Hybrid 2025-26": {"platform": "HONDA_CIVIC_2022", "make": "Honda", "brand": "ho'
                                               b'nda", "model": "Civic Hybrid", "year": ["2025", "2026"], "package": "All"}, "Honda Clarity 2018-21":'
                                               b' {"platform": "HONDA_CLARITY", "make": "Honda", "brand": "honda", "model": "Clarity", "year": ["2018'
                                               b'", "2019", "2020", "2021"], "package": "Honda Sensing"}, "Honda CR-V 2015-16": {"platform": "HONDA_C'
                                               b'RV", "make": "Honda", "brand": "honda", "model": "CR-V", "year": ["2015", "2016"], "package": "Touri'
                                               b'ng Trim"}, "Honda CR-V 2017-22": {"platform": "HONDA_CRV_5G", "make": "Honda", "brand": "honda", "mo'
                                               b'del": "CR-V", "year": ["2017", "2018", "2019", "2020", "2021", "2022"], "package": "Honda Sensing"},'
                                               b' "Honda CR-V 2023-26": {"platform": "HONDA_CRV_6G", "make": "Honda", "brand": "honda", "model": "CR-'
                                               b'V", "year": ["2023", "2024", "2025", "2026"], "package": "All"}, "Honda CR-V Hybrid 2017-22": {"plat'
                                               b'form": "HONDA_CRV_HYBRID", "make": "Honda", "brand": "honda", "model": "CR-V Hybrid", "year": ["2017'
                                               b'", "2018", "2019", "2020", "2021", "2022"], "package": "Honda Sensing"}, "Honda CR-V Hybrid 2023-26"'
                                               b': {"platform": "HONDA_CRV_6G", "make": "Honda", "brand": "honda", "model": "CR-V Hybrid", "year": ["'
                                               b'2023", "2024", "2025", "2026"], "package": "All"}, "Honda e 2020": {"platform": "HONDA_E", "make": "'
                                               b'Honda", "brand": "honda", "model": "e", "year": ["2020"], "package": "All"}, "Honda Fit 2018-20": {"'
                                               b'platform": "HONDA_FIT", "make": "Honda", "brand": "honda", "model": "Fit", "year": ["2018", "2019", '
                                               b'"2020"], "package": "Honda Sensing"}, "Honda Freed 2020": {"platform": "HONDA_FREED", "make": "Honda'
                                               b'", "brand": "honda", "model": "Freed", "year": ["2020"], "package": "Honda Sensing"}, "Honda HR-V 20'
                                               b'19-22": {"platform": "HONDA_HRV", "make": "Honda", "brand": "honda", "model": "HR-V", "year": ["2019'
                                               b'", "2020", "2021", "2022"], "package": "Honda Sensing"}, "Honda HR-V 2023-25": {"platform": "HONDA_H'
                                               b'RV_3G", "make": "Honda", "brand": "honda", "model": "HR-V", "year": ["2023", "2024", "2025"], "packa'
                                               b'ge": "All"}, "Honda Insight 2019-22": {"platform": "HONDA_INSIGHT", "make": "Honda", "brand": "honda'
                                               b'", "model": "Insight", "year": ["2019", "2020", "2021", "2022"], "package": "All"}, "Honda Inspire 2'
                                               b'018": {"platform": "HONDA_ACCORD", "make": "Honda", "brand": "honda", "model": "Inspire", "year": ["'
                                               b'2018"], "package": "All"}, "Honda N-Box 2018": {"platform": "HONDA_NBOX_2G", "make": "Honda", "brand'
                                               b'": "honda", "model": "N-Box", "year": ["2018"], "package": "All"}, "Honda Odyssey 2018-20": {"platfo'
                                               b'rm": "HONDA_ODYSSEY", "make": "Honda", "brand": "honda", "model": "Odyssey", "year": ["2018", "2019"'
                                               b', "2020"], "package": "Honda Sensing"}, "Honda Odyssey 2021-26": {"platform": "HONDA_ODYSSEY_5G_MMR"'
                                               b', "make": "Honda", "brand": "honda", "model": "Odyssey", "year": ["2021", "2022", "2023", "2024", "2'
                                               b'025", "2026"], "package": "All"}, "Honda Odyssey (Taiwan) 2018-19": {"platform": "HONDA_ODYSSEY_TWN"'
                                               b', "make": "Honda", "brand": "honda", "model": "Odyssey (Taiwan)", "year": ["2018", "2019"], "package'
                                               b'": "Honda Sensing"}, "Honda Passport 2019-25": {"platform": "HONDA_PILOT", "make": "Honda", "brand":'
                                               b' "honda", "model": "Passport", "year": ["2019", "2020", "2021", "2022", "2023", "2024", "2025"], "pa'
                                               b'ckage": "All"}, "Honda Passport 2026": {"platform": "HONDA_PASSPORT_4G", "make": "Honda", "brand": "'
                                               b'honda", "model": "Passport", "year": ["2026"], "package": "All"}, "Honda Pilot 2016-22": {"platform"'
                                               b': "HONDA_PILOT", "make": "Honda", "brand": "honda", "model": "Pilot", "year": ["2016", "2017", "2018'
                                               b'", "2019", "2020", "2021", "2022"], "package": "Honda Sensing"}, "Honda Pilot 2023-25": {"platform":'
                                               b' "HONDA_PILOT_4G", "make": "Honda", "brand": "honda", "model": "Pilot", "year": ["2023", "2024", "20'
                                               b'25"], "package": "All"}, "Honda Ridgeline 2017-25": {"platform": "HONDA_RIDGELINE", "make": "Honda",'
                                               b' "brand": "honda", "model": "Ridgeline", "year": ["2017", "2018", "2019", "2020", "2021", "2022", "2'
                                               b'023", "2024", "2025"], "package": "Honda Sensing"}, "Hyundai Azera 2022": {"platform": "HYUNDAI_AZER'
                                               b'A_6TH_GEN", "make": "Hyundai", "brand": "hyundai", "model": "Azera", "year": ["2022"], "package": "A'
                                               b'll"}, "Hyundai Azera Hybrid 2019": {"platform": "HYUNDAI_AZERA_HEV_6TH_GEN", "make": "Hyundai", "bra'
                                               b'nd": "hyundai", "model": "Azera Hybrid", "year": ["2019"], "package": "All"}, "Hyundai Azera Hybrid '
                                               b'2020": {"platform": "HYUNDAI_AZERA_HEV_6TH_GEN", "make": "Hyundai", "brand": "hyundai", "model": "Az'
                                               b'era Hybrid", "year": ["2020"], "package": "All"}, "Hyundai Custin 2023": {"platform": "HYUNDAI_CUSTI'
                                               b'N_1ST_GEN", "make": "Hyundai", "brand": "hyundai", "model": "Custin", "year": ["2023"], "package": "'
                                               b'All"}, "Hyundai Elantra 2017-18": {"platform": "HYUNDAI_ELANTRA", "make": "Hyundai", "brand": "hyund'
                                               b'ai", "model": "Elantra", "year": ["2017", "2018"], "package": "Smart Cruise Control (SCC)"}, "Hyunda'
                                               b'i Elantra 2019": {"platform": "HYUNDAI_ELANTRA", "make": "Hyundai", "brand": "hyundai", "model": "El'
                                               b'antra", "year": ["2019"], "package": "Smart Cruise Control (SCC)"}, "Hyundai Elantra 2021-23": {"pla'
                                               b'tform": "HYUNDAI_ELANTRA_2021", "make": "Hyundai", "brand": "hyundai", "model": "Elantra", "year": ['
                                               b'"2021", "2022", "2023"], "package": "Smart Cruise Control (SCC)"}, "Hyundai Elantra GT 2017-20": {"p'
                                               b'latform": "HYUNDAI_ELANTRA_GT_I30", "make": "Hyundai", "brand": "hyundai", "model": "Elantra GT", "y'
                                               b'ear": ["2017", "2018", "2019", "2020"], "package": "Smart Cruise Control (SCC)"}, "Hyundai Elantra H'
                                               b'ybrid 2021-23": {"platform": "HYUNDAI_ELANTRA_HEV_2021", "make": "Hyundai", "brand": "hyundai", "mod'
                                               b'el": "Elantra Hybrid", "year": ["2021", "2022", "2023"], "package": "Smart Cruise Control (SCC)"}, "'
                                               b'Hyundai Elantra Non-SCC 2022": {"platform": "HYUNDAI_ELANTRA_2022_NON_SCC", "make": "Hyundai", "bran'
                                               b'd": "hyundai", "model": "Elantra Non-SCC", "year": ["2022"], "package": "No Smart Cruise Control (No'
                                               b'n-SCC)"}, "Hyundai Genesis 2015-16": {"platform": "HYUNDAI_GENESIS", "make": "Hyundai", "brand": "hy'
                                               b'undai", "model": "Genesis", "year": ["2015", "2016"], "package": "Smart Cruise Control (SCC)"}, "Hyu'
                                               b'ndai i30 2017-19": {"platform": "HYUNDAI_ELANTRA_GT_I30", "make": "Hyundai", "brand": "hyundai", "mo'
                                               b'del": "i30", "year": ["2017", "2018", "2019"], "package": "Smart Cruise Control (SCC)"}, "Hyundai Io'
                                               b'niq 5 (Southeast Asia and Europe only) 2022-24": {"platform": "HYUNDAI_IONIQ_5", "make": "Hyundai", '
                                               b'"brand": "hyundai", "model": "Ioniq 5 (Southeast Asia and Europe only)", "year": ["2022", "2023", "2'
                                               b'024"], "package": "All"}, "Hyundai Ioniq 5 (with HDA II) 2022-24": {"platform": "HYUNDAI_IONIQ_5", "'
                                               b'make": "Hyundai", "brand": "hyundai", "model": "Ioniq 5 (with HDA II)", "year": ["2022", "2023", "20'
                                               b'24"], "package": "Highway Driving Assist II"}, "Hyundai Ioniq 5 (without HDA II) 2022-24": {"platfor'
                                               b'm": "HYUNDAI_IONIQ_5", "make": "Hyundai", "brand": "hyundai", "model": "Ioniq 5 (without HDA II)", "'
                                               b'year": ["2022", "2023", "2024"], "package": "Highway Driving Assist"}, "Hyundai Ioniq 5 N (with HDA '
                                               b'II) 2024": {"platform": "HYUNDAI_IONIQ_5_N", "make": "Hyundai", "brand": "hyundai", "model": "Ioniq '
                                               b'5 N (with HDA II)", "year": ["2024"], "package": "Smart Cruise Control (SCC)"}, "Hyundai Ioniq 6 (wi'
                                               b'th HDA II) 2023-24": {"platform": "HYUNDAI_IONIQ_6", "make": "Hyundai", "brand": "hyundai", "model":'
                                               b' "Ioniq 6 (with HDA II)", "year": ["2023", "2024"], "package": "Highway Driving Assist II"}, "Hyunda'
                                               b'i Ioniq 6 N (with HDA II) 2026": {"platform": "HYUNDAI_IONIQ_6_N", "make": "Hyundai", "brand": "hyun'
                                               b'dai", "model": "Ioniq 6 N (with HDA II)", "year": ["2026"], "package": "Highway Driving Assist II"},'
                                               b' "Hyundai Ioniq Electric 2019": {"platform": "HYUNDAI_IONIQ_EV_LTD", "make": "Hyundai", "brand": "hy'
                                               b'undai", "model": "Ioniq Electric", "year": ["2019"], "package": "Smart Cruise Control (SCC)"}, "Hyun'
                                               b'dai Ioniq Electric 2020": {"platform": "HYUNDAI_IONIQ_EV_2020", "make": "Hyundai", "brand": "hyundai'
                                               b'", "model": "Ioniq Electric", "year": ["2020"], "package": "All"}, "Hyundai Ioniq Hybrid 2017-19": {'
                                               b'"platform": "HYUNDAI_IONIQ", "make": "Hyundai", "brand": "hyundai", "model": "Ioniq Hybrid", "year":'
                                               b' ["2017", "2018", "2019"], "package": "Smart Cruise Control (SCC)"}, "Hyundai Ioniq Hybrid 2020-22":'
                                               b' {"platform": "HYUNDAI_IONIQ_HEV_2022", "make": "Hyundai", "brand": "hyundai", "model": "Ioniq Hybri'
                                               b'd", "year": ["2020", "2021", "2022"], "package": "Smart Cruise Control (SCC)"}, "Hyundai Ioniq Plug-'
                                               b'in Hybrid 2019": {"platform": "HYUNDAI_IONIQ_PHEV_2019", "make": "Hyundai", "brand": "hyundai", "mod'
                                               b'el": "Ioniq Plug-in Hybrid", "year": ["2019"], "package": "Smart Cruise Control (SCC)"}, "Hyundai Io'
                                               b'niq Plug-in Hybrid 2020-22": {"platform": "HYUNDAI_IONIQ_PHEV", "make": "Hyundai", "brand": "hyundai'
                                               b'", "model": "Ioniq Plug-in Hybrid", "year": ["2020", "2021", "2022"], "package": "All"}, "Hyundai Ko'
                                               b'na 2020": {"platform": "HYUNDAI_KONA", "make": "Hyundai", "brand": "hyundai", "model": "Kona", "year'
                                               b'": ["2020"], "package": "Smart Cruise Control (SCC)"}, "Hyundai Kona 2022-23": {"platform": "HYUNDAI'
                                               b'_KONA_2022", "make": "Hyundai", "brand": "hyundai", "model": "Kona", "year": ["2022", "2023"], "pack'
                                               b'age": "Smart Cruise Control (SCC)"}, "Hyundai Kona (without HDA II) 2024-25": {"platform": "HYUNDAI_'
                                               b'KONA_2ND_GEN", "make": "Hyundai", "brand": "hyundai", "model": "Kona (without HDA II)", "year": ["20'
                                               b'24", "2025"], "package": "Smart Cruise Control (SCC)"}, "Hyundai Kona Electric 2018-21": {"platform"'
                                               b': "HYUNDAI_KONA_EV", "make": "Hyundai", "brand": "hyundai", "model": "Kona Electric", "year": ["2018'
                                               b'", "2019", "2020", "2021"], "package": "Smart Cruise Control (SCC)"}, "Hyundai Kona Electric 2022-23'
                                               b'": {"platform": "HYUNDAI_KONA_EV_2022", "make": "Hyundai", "brand": "hyundai", "model": "Kona Electr'
                                               b'ic", "year": ["2022", "2023"], "package": "Smart Cruise Control (SCC)"}, "Hyundai Kona Electric (wit'
                                               b'h HDA II, Korea only) 2023": {"platform": "HYUNDAI_KONA_EV_2ND_GEN", "make": "Hyundai", "brand": "hy'
                                               b'undai", "model": "Kona Electric (with HDA II, Korea only)", "year": ["2023"], "package": "Smart Crui'
                                               b'se Control (SCC)"}, "Hyundai Kona Electric (without HDA II) 2024": {"platform": "HYUNDAI_KONA_EV_2ND'
                                               b'_GEN", "make": "Hyundai", "brand": "hyundai", "model": "Kona Electric (without HDA II)", "year": ["2'
                                               b'024"], "package": "Smart Cruise Control (SCC)"}, "Hyundai Kona Electric Non-SCC 2019": {"platform": '
                                               b'"HYUNDAI_KONA_EV_NON_SCC", "make": "Hyundai", "brand": "hyundai", "model": "Kona Electric Non-SCC", '
                                               b'"year": ["2019"], "package": "No Smart Cruise Control (Non-SCC)"}, "Hyundai Kona Hybrid 2020": {"pla'
                                               b'tform": "HYUNDAI_KONA_HEV", "make": "Hyundai", "brand": "hyundai", "model": "Kona Hybrid", "year": ['
                                               b'"2020"], "package": "Smart Cruise Control (SCC)"}, "Hyundai Kona Hybrid (without HDA II) 2024": {"pl'
                                               b'atform": "HYUNDAI_KONA_HEV_2ND_GEN", "make": "Hyundai", "brand": "hyundai", "model": "Kona Hybrid (w'
                                               b'ithout HDA II)", "year": ["2024"], "package": "Smart Cruise Control (SCC)"}, "Hyundai Kona Non-SCC 2'
                                               b'019": {"platform": "HYUNDAI_KONA_NON_SCC", "make": "Hyundai", "brand": "hyundai", "model": "Kona Non'
                                               b'-SCC", "year": ["2019"], "package": "No Smart Cruise Control (Non-SCC)"}, "Hyundai Nexo 2021": {"pla'
                                               b'tform": "HYUNDAI_NEXO_1ST_GEN", "make": "Hyundai", "brand": "hyundai", "model": "Nexo", "year": ["20'
                                               b'21"], "package": "All"}, "Hyundai Palisade 2020-22": {"platform": "HYUNDAI_PALISADE", "make": "Hyund'
                                               b'ai", "brand": "hyundai", "model": "Palisade", "year": ["2020", "2021", "2022"], "package": "All"}, "'
                                               b'Hyundai Santa Cruz 2022-24": {"platform": "HYUNDAI_SANTA_CRUZ_1ST_GEN", "make": "Hyundai", "brand": '
                                               b'"hyundai", "model": "Santa Cruz", "year": ["2022", "2023", "2024"], "package": "Smart Cruise Control'
                                               b' (SCC)"}, "Hyundai Santa Cruz (without HDA II) 2025": {"platform": "HYUNDAI_SANTA_CRUZ_2025", "make"'
                                               b': "Hyundai", "brand": "hyundai", "model": "Santa Cruz (without HDA II)", "year": ["2025"], "package"'
                                               b': "Smart Cruise Control (SCC)"}, "Hyundai Santa Fe 2019-20": {"platform": "HYUNDAI_SANTA_FE", "make"'
                                               b': "Hyundai", "brand": "hyundai", "model": "Santa Fe", "year": ["2019", "2020"], "package": "All"}, "'
                                               b'Hyundai Santa Fe 2021-23": {"platform": "HYUNDAI_SANTA_FE_2022", "make": "Hyundai", "brand": "hyunda'
                                               b'i", "model": "Santa Fe", "year": ["2021", "2022", "2023"], "package": "All"}, "Hyundai Santa Fe Hybr'
                                               b'id 2022-23": {"platform": "HYUNDAI_SANTA_FE_HEV_2022", "make": "Hyundai", "brand": "hyundai", "model'
                                               b'": "Santa Fe Hybrid", "year": ["2022", "2023"], "package": "All"}, "Hyundai Santa Fe Plug-in Hybrid '
                                               b'2022-23": {"platform": "HYUNDAI_SANTA_FE_PHEV_2022", "make": "Hyundai", "brand": "hyundai", "model":'
                                               b' "Santa Fe Plug-in Hybrid", "year": ["2022", "2023"], "package": "All"}, "Hyundai Sonata 2018-19": {'
                                               b'"platform": "HYUNDAI_SONATA_LF", "make": "Hyundai", "brand": "hyundai", "model": "Sonata", "year": ['
                                               b'"2018", "2019"], "package": "Smart Cruise Control (SCC)"}, "Hyundai Sonata 2020-23": {"platform": "H'
                                               b'YUNDAI_SONATA", "make": "Hyundai", "brand": "hyundai", "model": "Sonata", "year": ["2020", "2021", "'
                                               b'2022", "2023"], "package": "All"}, "Hyundai Sonata (without HDA II) 2024-25": {"platform": "HYUNDAI_'
                                               b'SONATA_2024", "make": "Hyundai", "brand": "hyundai", "model": "Sonata (without HDA II)", "year": ["2'
                                               b'024", "2025"], "package": "Smart Cruise Control (SCC)"}, "Hyundai Sonata Hybrid 2020-23": {"platform'
                                               b'": "HYUNDAI_SONATA_HYBRID", "make": "Hyundai", "brand": "hyundai", "model": "Sonata Hybrid", "year":'
                                               b' ["2020", "2021", "2022", "2023"], "package": "All"}, "Hyundai Sonata Hybrid (without HDA II) 2024-2'
                                               b'5": {"platform": "HYUNDAI_SONATA_HEV_2024", "make": "Hyundai", "brand": "hyundai", "model": "Sonata '
                                               b'Hybrid (without HDA II)", "year": ["2024", "2025"], "package": "Smart Cruise Control (SCC)"}, "Hyund'
                                               b'ai Staria 2023": {"platform": "HYUNDAI_STARIA_4TH_GEN", "make": "Hyundai", "brand": "hyundai", "mode'
                                               b'l": "Staria", "year": ["2023"], "package": "All"}, "Hyundai Tucson 2021": {"platform": "HYUNDAI_TUCS'
                                               b'ON", "make": "Hyundai", "brand": "hyundai", "model": "Tucson", "year": ["2021"], "package": "Smart C'
                                               b'ruise Control (SCC)"}, "Hyundai Tucson 2022": {"platform": "HYUNDAI_TUCSON_4TH_GEN", "make": "Hyunda'
                                               b'i", "brand": "hyundai", "model": "Tucson", "year": ["2022"], "package": "Smart Cruise Control (SCC)"'
                                               b'}, "Hyundai Tucson 2023-24": {"platform": "HYUNDAI_TUCSON_4TH_GEN", "make": "Hyundai", "brand": "hyu'
                                               b'ndai", "model": "Tucson", "year": ["2023", "2024"], "package": "All"}, "Hyundai Tucson (without HDA '
                                               b'II) 2025-26": {"platform": "HYUNDAI_TUCSON_2025", "make": "Hyundai", "brand": "hyundai", "model": "T'
                                               b'ucson (without HDA II)", "year": ["2025", "2026"], "package": "Smart Cruise Control (SCC)"}, "Hyunda'
                                               b'i Tucson Diesel 2019": {"platform": "HYUNDAI_TUCSON", "make": "Hyundai", "brand": "hyundai", "model"'
                                               b': "Tucson Diesel", "year": ["2019"], "package": "Smart Cruise Control (SCC)"}, "Hyundai Tucson Hybri'
                                               b'd 2022-24": {"platform": "HYUNDAI_TUCSON_4TH_GEN", "make": "Hyundai", "brand": "hyundai", "model": "'
                                               b'Tucson Hybrid", "year": ["2022", "2023", "2024"], "package": "All"}, "Hyundai Tucson Hybrid (without'
                                               b' HDA II) 2025": {"platform": "HYUNDAI_TUCSON_HEV_2025", "make": "Hyundai", "brand": "hyundai", "mode'
                                               b'l": "Tucson Hybrid (without HDA II)", "year": ["2025"], "package": "Smart Cruise Control (SCC)"}, "H'
                                               b'yundai Tucson Plug-in Hybrid 2024": {"platform": "HYUNDAI_TUCSON_4TH_GEN", "make": "Hyundai", "brand'
                                               b'": "hyundai", "model": "Tucson Plug-in Hybrid", "year": ["2024"], "package": "All"}, "Hyundai Velost'
                                               b'er 2019-20": {"platform": "HYUNDAI_VELOSTER", "make": "Hyundai", "brand": "hyundai", "model": "Velos'
                                               b'ter", "year": ["2019", "2020"], "package": "Smart Cruise Control (SCC)"}, "Jeep Grand Cherokee 2016-'
                                               b'18": {"platform": "JEEP_GRAND_CHEROKEE", "make": "Jeep", "brand": "chrysler", "model": "Grand Cherok'
                                               b'ee", "year": ["2016", "2017", "2018"], "package": "Adaptive Cruise Control (ACC)"}, "Jeep Grand Cher'
                                               b'okee 2019-21": {"platform": "JEEP_GRAND_CHEROKEE_2019", "make": "Jeep", "brand": "chrysler", "model"'
                                               b': "Grand Cherokee", "year": ["2019", "2020", "2021"], "package": "Adaptive Cruise Control (ACC)"}, "'
                                               b'Kia Carnival 2022-24": {"platform": "KIA_CARNIVAL_4TH_GEN", "make": "Kia", "brand": "hyundai", "mode'
                                               b'l": "Carnival", "year": ["2022", "2023", "2024"], "package": "Smart Cruise Control (SCC)"}, "Kia Car'
                                               b'nival (China only) 2023": {"platform": "KIA_CARNIVAL_4TH_GEN", "make": "Kia", "brand": "hyundai", "m'
                                               b'odel": "Carnival (China only)", "year": ["2023"], "package": "Smart Cruise Control (SCC)"}, "Kia Cee'
                                               b'd 2019-21": {"platform": "KIA_CEED", "make": "Kia", "brand": "hyundai", "model": "Ceed", "year": ["2'
                                               b'019", "2020", "2021"], "package": "Smart Cruise Control (SCC)"}, "Kia Ceed Plug-in Hybrid Non-SCC 20'
                                               b'22": {"platform": "KIA_CEED_PHEV_2022_NON_SCC", "make": "Kia", "brand": "hyundai", "model": "Ceed Pl'
                                               b'ug-in Hybrid Non-SCC", "year": ["2022"], "package": "No Smart Cruise Control (Non-SCC)"}, "Kia EV6 ('
                                               b'Southeast Asia only) 2022-24": {"platform": "KIA_EV6", "make": "Kia", "brand": "hyundai", "model": "'
                                               b'EV6 (Southeast Asia only)", "year": ["2022", "2023", "2024"], "package": "All"}, "Kia EV6 (with HDA '
                                               b'II) 2022-24": {"platform": "KIA_EV6", "make": "Kia", "brand": "hyundai", "model": "EV6 (with HDA II)'
                                               b'", "year": ["2022", "2023", "2024"], "package": "Highway Driving Assist II"}, "Kia EV6 (without HDA '
                                               b'II) 2022-24": {"platform": "KIA_EV6", "make": "Kia", "brand": "hyundai", "model": "EV6 (without HDA '
                                               b'II)", "year": ["2022", "2023", "2024"], "package": "Highway Driving Assist"}, "Kia Forte 2019-21": {'
                                               b'"platform": "KIA_FORTE", "make": "Kia", "brand": "hyundai", "model": "Forte", "year": ["2019", "2020'
                                               b'", "2021"], "package": "Smart Cruise Control (SCC)"}, "Kia Forte 2022-23": {"platform": "KIA_FORTE",'
                                               b' "make": "Kia", "brand": "hyundai", "model": "Forte", "year": ["2022", "2023"], "package": "Smart Cr'
                                               b'uise Control (SCC)"}, "Kia Forte Non-SCC 2019": {"platform": "KIA_FORTE_2019_NON_SCC", "make": "Kia"'
                                               b', "brand": "hyundai", "model": "Forte Non-SCC", "year": ["2019"], "package": "No Smart Cruise Contro'
                                               b'l (Non-SCC)"}, "Kia K4 (with HDA II) 2025": {"platform": "KIA_K4_2025", "make": "Kia", "brand": "hyu'
                                               b'ndai", "model": "K4 (with HDA II)", "year": ["2025"], "package": "Smart Cruise Control (SCC)"}, "Kia'
                                               b' K4 (without HDA II) 2025": {"platform": "KIA_K4_2025", "make": "Kia", "brand": "hyundai", "model": '
                                               b'"K4 (without HDA II)", "year": ["2025"], "package": "Smart Cruise Control (SCC)"}, "Kia K5 2021-24":'
                                               b' {"platform": "KIA_K5_2021", "make": "Kia", "brand": "hyundai", "model": "K5", "year": ["2021", "202'
                                               b'2", "2023", "2024"], "package": "Smart Cruise Control (SCC)"}, "Kia K5 (without HDA II) 2025": {"pla'
                                               b'tform": "KIA_K5_2025", "make": "Kia", "brand": "hyundai", "model": "K5 (without HDA II)", "year": ["'
                                               b'2025"], "package": "Smart Cruise Control (SCC)"}, "Kia K5 Hybrid 2020-22": {"platform": "KIA_K5_HEV_'
                                               b'2020", "make": "Kia", "brand": "hyundai", "model": "K5 Hybrid", "year": ["2020", "2021", "2022"], "p'
                                               b'ackage": "Smart Cruise Control (SCC)"}, "Kia K7 2017": {"platform": "KIA_K7_2017", "make": "Kia", "b'
                                               b'rand": "hyundai", "model": "K7", "year": ["2017"], "package": "Smart Cruise Control (SCC)"}, "Kia K8'
                                               b' Hybrid (with HDA II) 2023": {"platform": "KIA_K8_HEV_1ST_GEN", "make": "Kia", "brand": "hyundai", "'
                                               b'model": "K8 Hybrid (with HDA II)", "year": ["2023"], "package": "Highway Driving Assist II"}, "Kia N'
                                               b'iro EV 2019": {"platform": "KIA_NIRO_EV", "make": "Kia", "brand": "hyundai", "model": "Niro EV", "ye'
                                               b'ar": ["2019"], "package": "All"}, "Kia Niro EV 2020": {"platform": "KIA_NIRO_EV", "make": "Kia", "br'
                                               b'and": "hyundai", "model": "Niro EV", "year": ["2020"], "package": "All"}, "Kia Niro EV 2021": {"plat'
                                               b'form": "KIA_NIRO_EV", "make": "Kia", "brand": "hyundai", "model": "Niro EV", "year": ["2021"], "pack'
                                               b'age": "All"}, "Kia Niro EV 2022": {"platform": "KIA_NIRO_EV", "make": "Kia", "brand": "hyundai", "mo'
                                               b'del": "Niro EV", "year": ["2022"], "package": "All"}, "Kia Niro EV (with HDA II) 2025": {"platform":'
                                               b' "KIA_NIRO_EV_2ND_GEN", "make": "Kia", "brand": "hyundai", "model": "Niro EV (with HDA II)", "year":'
                                               b' ["2025"], "package": "Highway Driving Assist II"}, "Kia Niro EV (without HDA II) 2023-25": {"platfo'
                                               b'rm": "KIA_NIRO_EV_2ND_GEN", "make": "Kia", "brand": "hyundai", "model": "Niro EV (without HDA II)", '
                                               b'"year": ["2023", "2024", "2025"], "package": "All"}, "Kia Niro Hybrid 2018": {"platform": "KIA_NIRO_'
                                               b'PHEV", "make": "Kia", "brand": "hyundai", "model": "Niro Hybrid", "year": ["2018"], "package": "Smar'
                                               b't Cruise Control (SCC)"}, "Kia Niro Hybrid 2021": {"platform": "KIA_NIRO_HEV_2021", "make": "Kia", "'
                                               b'brand": "hyundai", "model": "Niro Hybrid", "year": ["2021"], "package": "Smart Cruise Control (SCC)"'
                                               b'}, "Kia Niro Hybrid 2022": {"platform": "KIA_NIRO_HEV_2021", "make": "Kia", "brand": "hyundai", "mod'
                                               b'el": "Niro Hybrid", "year": ["2022"], "package": "Smart Cruise Control (SCC)"}, "Kia Niro Hybrid 202'
                                               b'3": {"platform": "KIA_NIRO_HEV_2ND_GEN", "make": "Kia", "brand": "hyundai", "model": "Niro Hybrid", '
                                               b'"year": ["2023"], "package": "Smart Cruise Control (SCC)"}, "Kia Niro Plug-in Hybrid 2018-19": {"pla'
                                               b'tform": "KIA_NIRO_PHEV", "make": "Kia", "brand": "hyundai", "model": "Niro Plug-in Hybrid", "year": '
                                               b'["2018", "2019"], "package": "All"}, "Kia Niro Plug-in Hybrid 2020": {"platform": "KIA_NIRO_PHEV", "'
                                               b'make": "Kia", "brand": "hyundai", "model": "Niro Plug-in Hybrid", "year": ["2020"], "package": "Smar'
                                               b't Cruise Control (SCC)"}, "Kia Niro Plug-in Hybrid 2021": {"platform": "KIA_NIRO_PHEV_2022", "make":'
                                               b' "Kia", "brand": "hyundai", "model": "Niro Plug-in Hybrid", "year": ["2021"], "package": "Smart Crui'
                                               b'se Control (SCC)"}, "Kia Niro Plug-in Hybrid 2022": {"platform": "KIA_NIRO_PHEV_2022", "make": "Kia"'
                                               b', "brand": "hyundai", "model": "Niro Plug-in Hybrid", "year": ["2022"], "package": "Smart Cruise Con'
                                               b'trol (SCC)"}, "Kia Optima 2017": {"platform": "KIA_OPTIMA_G4", "make": "Kia", "brand": "hyundai", "m'
                                               b'odel": "Optima", "year": ["2017"], "package": "Advanced Smart Cruise Control"}, "Kia Optima 2019-20"'
                                               b': {"platform": "KIA_OPTIMA_G4_FL", "make": "Kia", "brand": "hyundai", "model": "Optima", "year": ["2'
                                               b'019", "2020"], "package": "Smart Cruise Control (SCC)"}, "Kia Optima Hybrid 2019": {"platform": "KIA'
                                               b'_OPTIMA_H_G4_FL", "make": "Kia", "brand": "hyundai", "model": "Optima Hybrid", "year": ["2019"], "pa'
                                               b'ckage": "Smart Cruise Control (SCC)"}, "Kia Seltos 2021": {"platform": "KIA_SELTOS", "make": "Kia", '
                                               b'"brand": "hyundai", "model": "Seltos", "year": ["2021"], "package": "Smart Cruise Control (SCC)"}, "'
                                               b'Kia Sorento 2018": {"platform": "KIA_SORENTO", "make": "Kia", "brand": "hyundai", "model": "Sorento"'
                                               b', "year": ["2018"], "package": "Advanced Smart Cruise Control & LKAS"}, "Kia Sorento 2019": {"platfo'
                                               b'rm": "KIA_SORENTO", "make": "Kia", "brand": "hyundai", "model": "Sorento", "year": ["2019"], "packag'
                                               b'e": "Smart Cruise Control (SCC)"}, "Kia Sorento 2021-23": {"platform": "KIA_SORENTO_4TH_GEN", "make"'
                                               b': "Kia", "brand": "hyundai", "model": "Sorento", "year": ["2021", "2022", "2023"], "package": "Smart'
                                               b' Cruise Control (SCC)"}, "Kia Sorento (without HDA II) 2024-25": {"platform": "KIA_SORENTO_2024", "m'
                                               b'ake": "Kia", "brand": "hyundai", "model": "Sorento (without HDA II)", "year": ["2024", "2025"], "pac'
                                               b'kage": "Smart Cruise Control (SCC)"}, "Kia Sorento Hybrid 2021-23": {"platform": "KIA_SORENTO_HEV_4T'
                                               b'H_GEN", "make": "Kia", "brand": "hyundai", "model": "Sorento Hybrid", "year": ["2021", "2022", "2023'
                                               b'"], "package": "All"}, "Kia Sorento Plug-in Hybrid 2022-23": {"platform": "KIA_SORENTO_HEV_4TH_GEN",'
                                               b' "make": "Kia", "brand": "hyundai", "model": "Sorento Plug-in Hybrid", "year": ["2022", "2023"], "pa'
                                               b'ckage": "All"}, "Kia Sportage 2023-24": {"platform": "KIA_SPORTAGE_5TH_GEN", "make": "Kia", "brand":'
                                               b' "hyundai", "model": "Sportage", "year": ["2023", "2024"], "package": "Smart Cruise Control (SCC)"},'
                                               b' "Kia Sportage Hybrid 2023": {"platform": "KIA_SPORTAGE_5TH_GEN", "make": "Kia", "brand": "hyundai",'
                                               b' "model": "Sportage Hybrid", "year": ["2023"], "package": "Smart Cruise Control (SCC)"}, "Kia Stinge'
                                               b'r 2018-20": {"platform": "KIA_STINGER", "make": "Kia", "brand": "hyundai", "model": "Stinger", "year'
                                               b'": ["2018", "2019", "2020"], "package": "Smart Cruise Control (SCC)"}, "Kia Stinger 2022-23": {"plat'
                                               b'form": "KIA_STINGER_2022", "make": "Kia", "brand": "hyundai", "model": "Stinger", "year": ["2022", "'
                                               b'2023"], "package": "All"}, "Kia Telluride 2020-22": {"platform": "HYUNDAI_PALISADE", "make": "Kia", '
                                               b'"brand": "hyundai", "model": "Telluride", "year": ["2020", "2021", "2022"], "package": "All"}, "Lexu'
                                               b's CT Hybrid 2017-18": {"platform": "LEXUS_CTH", "make": "Lexus", "brand": "toyota", "model": "CT Hyb'
                                               b'rid", "year": ["2017", "2018"], "package": "Lexus Safety System+"}, "Lexus ES 2017-18": {"platform":'
                                               b' "LEXUS_ES", "make": "Lexus", "brand": "toyota", "model": "ES", "year": ["2017", "2018"], "package":'
                                               b' "All"}, "Lexus ES 2019-25": {"platform": "LEXUS_ES_TSS2", "make": "Lexus", "brand": "toyota", "mode'
                                               b'l": "ES", "year": ["2019", "2020", "2021", "2022", "2023", "2024", "2025"], "package": "All"}, "Lexu'
                                               b's ES Hybrid 2017-18": {"platform": "LEXUS_ES", "make": "Lexus", "brand": "toyota", "model": "ES Hybr'
                                               b'id", "year": ["2017", "2018"], "package": "All"}, "Lexus ES Hybrid 2019-25": {"platform": "LEXUS_ES_'
                                               b'TSS2", "make": "Lexus", "brand": "toyota", "model": "ES Hybrid", "year": ["2019", "2020", "2021", "2'
                                               b'022", "2023", "2024", "2025"], "package": "All"}, "Lexus GS F 2016": {"platform": "LEXUS_GS_F", "mak'
                                               b'e": "Lexus", "brand": "toyota", "model": "GS F", "year": ["2016"], "package": "All"}, "Lexus IS 2017'
                                               b'-19": {"platform": "LEXUS_IS", "make": "Lexus", "brand": "toyota", "model": "IS", "year": ["2017", "'
                                               b'2018", "2019"], "package": "All"}, "Lexus IS 2022-24": {"platform": "LEXUS_IS_TSS2", "make": "Lexus"'
                                               b', "brand": "toyota", "model": "IS", "year": ["2022", "2023", "2024"], "package": "All"}, "Lexus LC 2'
                                               b'024-25": {"platform": "LEXUS_LC_TSS2", "make": "Lexus", "brand": "toyota", "model": "LC", "year": ["'
                                               b'2024", "2025"], "package": "All"}, "Lexus LS 2018": {"platform": "LEXUS_LS", "make": "Lexus", "brand'
                                               b'": "toyota", "model": "LS", "year": ["2018"], "package": "All except Lexus Safety System+ A"}, "Lexu'
                                               b's NX 2018-19": {"platform": "LEXUS_NX", "make": "Lexus", "brand": "toyota", "model": "NX", "year": ['
                                               b'"2018", "2019"], "package": "All"}, "Lexus NX 2020-21": {"platform": "LEXUS_NX_TSS2", "make": "Lexus'
                                               b'", "brand": "toyota", "model": "NX", "year": ["2020", "2021"], "package": "All"}, "Lexus NX Hybrid 2'
                                               b'018-19": {"platform": "LEXUS_NX", "make": "Lexus", "brand": "toyota", "model": "NX Hybrid", "year": '
                                               b'["2018", "2019"], "package": "All"}, "Lexus NX Hybrid 2020-21": {"platform": "LEXUS_NX_TSS2", "make"'
                                               b': "Lexus", "brand": "toyota", "model": "NX Hybrid", "year": ["2020", "2021"], "package": "All"}, "Le'
                                               b'xus RC 2018-20": {"platform": "LEXUS_RC", "make": "Lexus", "brand": "toyota", "model": "RC", "year":'
                                               b' ["2018", "2019", "2020"], "package": "All"}, "Lexus RC 2023": {"platform": "LEXUS_RC_TSS2", "make":'
                                               b' "Lexus", "brand": "toyota", "model": "RC", "year": ["2023"], "package": "All"}, "Lexus RX 2016": {"'
                                               b'platform": "LEXUS_RX", "make": "Lexus", "brand": "toyota", "model": "RX", "year": ["2016"], "package'
                                               b'": "Lexus Safety System+"}, "Lexus RX 2017-19": {"platform": "LEXUS_RX", "make": "Lexus", "brand": "'
                                               b'toyota", "model": "RX", "year": ["2017", "2018", "2019"], "package": "All"}, "Lexus RX 2020-22": {"p'
                                               b'latform": "LEXUS_RX_TSS2", "make": "Lexus", "brand": "toyota", "model": "RX", "year": ["2020", "2021'
                                               b'", "2022"], "package": "All"}, "Lexus RX Hybrid 2016": {"platform": "LEXUS_RX", "make": "Lexus", "br'
                                               b'and": "toyota", "model": "RX Hybrid", "year": ["2016"], "package": "Lexus Safety System+"}, "Lexus R'
                                               b'X Hybrid 2017-19": {"platform": "LEXUS_RX", "make": "Lexus", "brand": "toyota", "model": "RX Hybrid"'
                                               b', "year": ["2017", "2018", "2019"], "package": "All"}, "Lexus RX Hybrid 2020-22": {"platform": "LEXU'
                                               b'S_RX_TSS2", "make": "Lexus", "brand": "toyota", "model": "RX Hybrid", "year": ["2020", "2021", "2022'
                                               b'"], "package": "All"}, "Lexus UX Hybrid 2019-24": {"platform": "TOYOTA_COROLLA_TSS2", "make": "Lexus'
                                               b'", "brand": "toyota", "model": "UX Hybrid", "year": ["2019", "2020", "2021", "2022", "2023", "2024"]'
                                               b', "package": "All"}, "Lincoln Aviator 2020-24": {"platform": "FORD_EXPLORER_MK6", "make": "Lincoln",'
                                               b' "brand": "ford", "model": "Aviator", "year": ["2020", "2021", "2022", "2023", "2024"], "package": "'
                                               b'Co-Pilot360 Plus"}, "Lincoln Aviator Plug-in Hybrid 2020-24": {"platform": "FORD_EXPLORER_MK6", "mak'
                                               b'e": "Lincoln", "brand": "ford", "model": "Aviator Plug-in Hybrid", "year": ["2020", "2021", "2022", '
                                               b'"2023", "2024"], "package": "Co-Pilot360 Plus"}, "MAN eTGE 2020-24": {"platform": "VOLKSWAGEN_CRAFTE'
                                               b'R_MK2", "make": "MAN", "brand": "volkswagen", "model": "eTGE", "year": ["2020", "2021", "2022", "202'
                                               b'3", "2024"], "package": "Adaptive Cruise Control (ACC) & Lane Assist"}, "MAN TGE 2017-24": {"platfor'
                                               b'm": "VOLKSWAGEN_CRAFTER_MK2", "make": "MAN", "brand": "volkswagen", "model": "TGE", "year": ["2017",'
                                               b' "2018", "2019", "2020", "2021", "2022", "2023", "2024"], "package": "Adaptive Cruise Control (ACC) '
                                               b'& Lane Assist"}, "Mazda CX-5 2022-25": {"platform": "MAZDA_CX5_2022", "make": "Mazda", "brand": "maz'
                                               b'da", "model": "CX-5", "year": ["2022", "2023", "2024", "2025"], "package": "All"}, "Mazda CX-9 2021-'
                                               b'23": {"platform": "MAZDA_CX9_2021", "make": "Mazda", "brand": "mazda", "model": "CX-9", "year": ["20'
                                               b'21", "2022", "2023"], "package": "All"}, "Nissan Altima 2019-20, 2024": {"platform": "NISSAN_ALTIMA"'
                                               b', "make": "Nissan", "brand": "nissan", "model": "Altima", "year": ["2019", "2020", "2024"], "package'
                                               b'": "ProPILOT Assist"}, "Nissan Leaf 2018-23": {"platform": "NISSAN_LEAF", "make": "Nissan", "brand":'
                                               b' "nissan", "model": "Leaf", "year": ["2018", "2019", "2020", "2021", "2022", "2023"], "package": "Pr'
                                               b'oPILOT Assist"}, "Nissan Rogue 2018-20": {"platform": "NISSAN_ROGUE", "make": "Nissan", "brand": "ni'
                                               b'ssan", "model": "Rogue", "year": ["2018", "2019", "2020"], "package": "ProPILOT Assist"}, "Nissan X-'
                                               b'Trail 2017": {"platform": "NISSAN_XTRAIL", "make": "Nissan", "brand": "nissan", "model": "X-Trail", '
                                               b'"year": ["2017"], "package": "ProPILOT Assist"}, "Ram 1500 2019-24": {"platform": "RAM_1500_5TH_GEN"'
                                               b', "make": "Ram", "brand": "chrysler", "model": "1500", "year": ["2019", "2020", "2021", "2022", "202'
                                               b'3", "2024"], "package": "Adaptive Cruise Control (ACC)"}, "Ram 2500 2020-24": {"platform": "RAM_HD_5'
                                               b'TH_GEN", "make": "Ram", "brand": "chrysler", "model": "2500", "year": ["2020", "2021", "2022", "2023'
                                               b'", "2024"], "package": "Adaptive Cruise Control (ACC)"}, "Ram 3500 2019-22": {"platform": "RAM_HD_5T'
                                               b'H_GEN", "make": "Ram", "brand": "chrysler", "model": "3500", "year": ["2019", "2020", "2021", "2022"'
                                               b'], "package": "Adaptive Cruise Control (ACC)"}, "Rivian R1S 2022-24": {"platform": "RIVIAN_R1_GEN1",'
                                               b' "make": "Rivian", "brand": "rivian", "model": "R1S", "year": ["2022", "2023", "2024"], "package": "'
                                               b'All"}, "Rivian R1T 2022-24": {"platform": "RIVIAN_R1_GEN1", "make": "Rivian", "brand": "rivian", "mo'
                                               b'del": "R1T", "year": ["2022", "2023", "2024"], "package": "All"}, "SEAT Ateca 2016-23": {"platform":'
                                               b' "SEAT_ATECA_MK1", "make": "SEAT", "brand": "volkswagen", "model": "Ateca", "year": ["2016", "2017",'
                                               b' "2018", "2019", "2020", "2021", "2022", "2023"], "package": "Adaptive Cruise Control (ACC) & Lane A'
                                               b'ssist"}, "SEAT Leon 2014-20": {"platform": "SEAT_ATECA_MK1", "make": "SEAT", "brand": "volkswagen", '
                                               b'"model": "Leon", "year": ["2014", "2015", "2016", "2017", "2018", "2019", "2020"], "package": "Adapt'
                                               b'ive Cruise Control (ACC) & Lane Assist"}, "Subaru Ascent 2019-21": {"platform": "SUBARU_ASCENT", "ma'
                                               b'ke": "Subaru", "brand": "subaru", "model": "Ascent", "year": ["2019", "2020", "2021"], "package": "A'
                                               b'll"}, "Subaru Crosstrek 2018-19": {"platform": "SUBARU_IMPREZA", "make": "Subaru", "brand": "subaru"'
                                               b', "model": "Crosstrek", "year": ["2018", "2019"], "package": "EyeSight Driver Assistance"}, "Subaru '
                                               b'Crosstrek 2020-23": {"platform": "SUBARU_IMPREZA_2020", "make": "Subaru", "brand": "subaru", "model"'
                                               b': "Crosstrek", "year": ["2020", "2021", "2022", "2023"], "package": "EyeSight Driver Assistance"}, "'
                                               b'Subaru Forester 2017-18": {"platform": "SUBARU_FORESTER_PREGLOBAL", "make": "Subaru", "brand": "suba'
                                               b'ru", "model": "Forester", "year": ["2017", "2018"], "package": "EyeSight Driver Assistance"}, "Subar'
                                               b'u Forester 2019-21": {"platform": "SUBARU_FORESTER", "make": "Subaru", "brand": "subaru", "model": "'
                                               b'Forester", "year": ["2019", "2020", "2021"], "package": "All"}, "Subaru Impreza 2017-19": {"platform'
                                               b'": "SUBARU_IMPREZA", "make": "Subaru", "brand": "subaru", "model": "Impreza", "year": ["2017", "2018'
                                               b'", "2019"], "package": "EyeSight Driver Assistance"}, "Subaru Impreza 2020-22": {"platform": "SUBARU'
                                               b'_IMPREZA_2020", "make": "Subaru", "brand": "subaru", "model": "Impreza", "year": ["2020", "2021", "2'
                                               b'022"], "package": "EyeSight Driver Assistance"}, "Subaru Legacy 2015-18": {"platform": "SUBARU_LEGAC'
                                               b'Y_PREGLOBAL", "make": "Subaru", "brand": "subaru", "model": "Legacy", "year": ["2015", "2016", "2017'
                                               b'", "2018"], "package": "EyeSight Driver Assistance"}, "Subaru Legacy 2020-22": {"platform": "SUBARU_'
                                               b'LEGACY", "make": "Subaru", "brand": "subaru", "model": "Legacy", "year": ["2020", "2021", "2022"], "'
                                               b'package": "All"}, "Subaru Outback 2015-17": {"platform": "SUBARU_OUTBACK_PREGLOBAL", "make": "Subaru'
                                               b'", "brand": "subaru", "model": "Outback", "year": ["2015", "2016", "2017"], "package": "EyeSight Dri'
                                               b'ver Assistance"}, "Subaru Outback 2018-19": {"platform": "SUBARU_OUTBACK_PREGLOBAL_2018", "make": "S'
                                               b'ubaru", "brand": "subaru", "model": "Outback", "year": ["2018", "2019"], "package": "EyeSight Driver'
                                               b' Assistance"}, "Subaru Outback 2020-22": {"platform": "SUBARU_OUTBACK", "make": "Subaru", "brand": "'
                                               b'subaru", "model": "Outback", "year": ["2020", "2021", "2022"], "package": "All"}, "Subaru XV 2018-19'
                                               b'": {"platform": "SUBARU_IMPREZA", "make": "Subaru", "brand": "subaru", "model": "XV", "year": ["2018'
                                               b'", "2019"], "package": "EyeSight Driver Assistance"}, "Subaru XV 2020-21": {"platform": "SUBARU_IMPR'
                                               b'EZA_2020", "make": "Subaru", "brand": "subaru", "model": "XV", "year": ["2020", "2021"], "package": '
                                               b'"EyeSight Driver Assistance"}, "\\u0160koda Fabia 2022-23": {"platform": "SKODA_FABIA_MK4", "make'
                                               b'": "\\u0160koda", "brand": "volkswagen", "model": "Fabia", "year": ["2022", "2023"], "package": "'
                                               b'Adaptive Cruise Control (ACC) & Lane Assist"}, "\\u0160koda Kamiq 2021-23": {"platform": "SKODA_K'
                                               b'AMIQ_MK1", "make": "\\u0160koda", "brand": "volkswagen", "model": "Kamiq", "year": ["2021", "2022'
                                               b'", "2023"], "package": "Adaptive Cruise Control (ACC) & Lane Assist"}, "\\u0160koda Karoq 2019-23'
                                               b'": {"platform": "SKODA_KAROQ_MK1", "make": "\\u0160koda", "brand": "volkswagen", "model": "Karoq"'
                                               b', "year": ["2019", "2020", "2021", "2022", "2023"], "package": "Adaptive Cruise Control (ACC) & Lane'
                                               b' Assist"}, "\\u0160koda Kodiaq 2017-23": {"platform": "SKODA_KODIAQ_MK1", "make": "\\u0160koda", "'
                                               b'brand": "volkswagen", "model": "Kodiaq", "year": ["2017", "2018", "2019", "2020", "2021", "2022", "2'
                                               b'023"], "package": "Adaptive Cruise Control (ACC) & Lane Assist"}, "\\u0160koda Octavia 2015-19": '
                                               b'{"platform": "SKODA_OCTAVIA_MK3", "make": "\\u0160koda", "brand": "volkswagen", "model": "Octavia'
                                               b'", "year": ["2015", "2016", "2017", "2018", "2019"], "package": "Adaptive Cruise Control (ACC) & Lan'
                                               b'e Assist"}, "\\u0160koda Octavia RS 2016": {"platform": "SKODA_OCTAVIA_MK3", "make": "\\u0160koda"'
                                               b', "brand": "volkswagen", "model": "Octavia RS", "year": ["2016"], "package": "Adaptive Cruise Contro'
                                               b'l (ACC) & Lane Assist"}, "\\u0160koda Octavia Scout 2017-19": {"platform": "SKODA_OCTAVIA_MK3", "'
                                               b'make": "\\u0160koda", "brand": "volkswagen", "model": "Octavia Scout", "year": ["2017", "2018", "'
                                               b'2019"], "package": "Adaptive Cruise Control (ACC) & Lane Assist"}, "\\u0160koda Scala 2020-23": {'
                                               b'"platform": "SKODA_KAMIQ_MK1", "make": "\\u0160koda", "brand": "volkswagen", "model": "Scala", "y'
                                               b'ear": ["2020", "2021", "2022", "2023"], "package": "Adaptive Cruise Control (ACC) & Lane Assist"}, "'
                                               b'\\u0160koda Superb 2015-22": {"platform": "SKODA_SUPERB_MK3", "make": "\\u0160koda", "brand": "vol'
                                               b'kswagen", "model": "Superb", "year": ["2015", "2016", "2017", "2018", "2019", "2020", "2021", "2022"'
                                               b'], "package": "Adaptive Cruise Control (ACC) & Lane Assist"}, "Tesla Model 3 (with HW3) 2019-23": {"'
                                               b'platform": "TESLA_MODEL_3", "make": "Tesla", "brand": "tesla", "model": "Model 3 (with HW3)", "year"'
                                               b': ["2019", "2020", "2021", "2022", "2023"], "package": "All"}, "Tesla Model 3 (with HW4) 2024-25": {'
                                               b'"platform": "TESLA_MODEL_3", "make": "Tesla", "brand": "tesla", "model": "Model 3 (with HW4)", "year'
                                               b'": ["2024", "2025"], "package": "All"}, "Tesla Model X (with HW4) 2024": {"platform": "TESLA_MODEL_X'
                                               b'", "make": "Tesla", "brand": "tesla", "model": "Model X (with HW4)", "year": ["2024"], "package": "A'
                                               b'll"}, "Tesla Model Y (with HW3) 2020-23": {"platform": "TESLA_MODEL_Y", "make": "Tesla", "brand": "t'
                                               b'esla", "model": "Model Y (with HW3)", "year": ["2020", "2021", "2022", "2023"], "package": "All"}, "'
                                               b'Tesla Model Y (with HW4) 2024-25": {"platform": "TESLA_MODEL_Y", "make": "Tesla", "brand": "tesla", '
                                               b'"model": "Model Y (with HW4)", "year": ["2024", "2025"], "package": "All"}, "Toyota Alphard 2019-20"'
                                               b': {"platform": "TOYOTA_ALPHARD_TSS2", "make": "Toyota", "brand": "toyota", "model": "Alphard", "year'
                                               b'": ["2019", "2020"], "package": "All"}, "Toyota Alphard Hybrid 2021": {"platform": "TOYOTA_ALPHARD_T'
                                               b'SS2", "make": "Toyota", "brand": "toyota", "model": "Alphard Hybrid", "year": ["2021"], "package": "'
                                               b'All"}, "Toyota Avalon 2016": {"platform": "TOYOTA_AVALON", "make": "Toyota", "brand": "toyota", "mod'
                                               b'el": "Avalon", "year": ["2016"], "package": "Toyota Safety Sense P"}, "Toyota Avalon 2017-18": {"pla'
                                               b'tform": "TOYOTA_AVALON", "make": "Toyota", "brand": "toyota", "model": "Avalon", "year": ["2017", "2'
                                               b'018"], "package": "All"}, "Toyota Avalon 2019-21": {"platform": "TOYOTA_AVALON_2019", "make": "Toyot'
                                               b'a", "brand": "toyota", "model": "Avalon", "year": ["2019", "2020", "2021"], "package": "All"}, "Toyo'
                                               b'ta Avalon 2022": {"platform": "TOYOTA_AVALON_TSS2", "make": "Toyota", "brand": "toyota", "model": "A'
                                               b'valon", "year": ["2022"], "package": "All"}, "Toyota Avalon Hybrid 2019-21": {"platform": "TOYOTA_AV'
                                               b'ALON_2019", "make": "Toyota", "brand": "toyota", "model": "Avalon Hybrid", "year": ["2019", "2020", '
                                               b'"2021"], "package": "All"}, "Toyota Avalon Hybrid 2022": {"platform": "TOYOTA_AVALON_TSS2", "make": '
                                               b'"Toyota", "brand": "toyota", "model": "Avalon Hybrid", "year": ["2022"], "package": "All"}, "Toyota '
                                               b'C-HR 2017-20": {"platform": "TOYOTA_CHR", "make": "Toyota", "brand": "toyota", "model": "C-HR", "yea'
                                               b'r": ["2017", "2018", "2019", "2020"], "package": "All"}, "Toyota C-HR 2021": {"platform": "TOYOTA_CH'
                                               b'R_TSS2", "make": "Toyota", "brand": "toyota", "model": "C-HR", "year": ["2021"], "package": "All"}, '
                                               b'"Toyota C-HR Hybrid 2017-20": {"platform": "TOYOTA_CHR", "make": "Toyota", "brand": "toyota", "model'
                                               b'": "C-HR Hybrid", "year": ["2017", "2018", "2019", "2020"], "package": "All"}, "Toyota C-HR Hybrid 2'
                                               b'021-22": {"platform": "TOYOTA_CHR_TSS2", "make": "Toyota", "brand": "toyota", "model": "C-HR Hybrid"'
                                               b', "year": ["2021", "2022"], "package": "All"}, "Toyota Camry 2018-20": {"platform": "TOYOTA_CAMRY", '
                                               b'"make": "Toyota", "brand": "toyota", "model": "Camry", "year": ["2018", "2019", "2020"], "package": '
                                               b'"All"}, "Toyota Camry 2021-24": {"platform": "TOYOTA_CAMRY_TSS2", "make": "Toyota", "brand": "toyota'
                                               b'", "model": "Camry", "year": ["2021", "2022", "2023", "2024"], "package": "All"}, "Toyota Camry Hybr'
                                               b'id 2018-20": {"platform": "TOYOTA_CAMRY", "make": "Toyota", "brand": "toyota", "model": "Camry Hybri'
                                               b'd", "year": ["2018", "2019", "2020"], "package": "All"}, "Toyota Camry Hybrid 2021-24": {"platform":'
                                               b' "TOYOTA_CAMRY_TSS2", "make": "Toyota", "brand": "toyota", "model": "Camry Hybrid", "year": ["2021",'
                                               b' "2022", "2023", "2024"], "package": "All"}, "Toyota Corolla 2017-19": {"platform": "TOYOTA_COROLLA"'
                                               b', "make": "Toyota", "brand": "toyota", "model": "Corolla", "year": ["2017", "2018", "2019"], "packag'
                                               b'e": "All"}, "Toyota Corolla 2020-22": {"platform": "TOYOTA_COROLLA_TSS2", "make": "Toyota", "brand":'
                                               b' "toyota", "model": "Corolla", "year": ["2020", "2021", "2022"], "package": "All"}, "Toyota Corolla '
                                               b'Cross (Non-US only) 2020-23": {"platform": "TOYOTA_COROLLA_TSS2", "make": "Toyota", "brand": "toyota'
                                               b'", "model": "Corolla Cross (Non-US only)", "year": ["2020", "2021", "2022", "2023"], "package": "All'
                                               b'"}, "Toyota Corolla Cross Hybrid (Non-US only) 2020-22": {"platform": "TOYOTA_COROLLA_TSS2", "make":'
                                               b' "Toyota", "brand": "toyota", "model": "Corolla Cross Hybrid (Non-US only)", "year": ["2020", "2021"'
                                               b', "2022"], "package": "All"}, "Toyota Corolla Hatchback 2019-22": {"platform": "TOYOTA_COROLLA_TSS2"'
                                               b', "make": "Toyota", "brand": "toyota", "model": "Corolla Hatchback", "year": ["2019", "2020", "2021"'
                                               b', "2022"], "package": "All"}, "Toyota Corolla Hybrid 2020-22": {"platform": "TOYOTA_COROLLA_TSS2", "'
                                               b'make": "Toyota", "brand": "toyota", "model": "Corolla Hybrid", "year": ["2020", "2021", "2022"], "pa'
                                               b'ckage": "All"}, "Toyota Corolla Hybrid (South America only) 2020-23": {"platform": "TOYOTA_COROLLA_T'
                                               b'SS2", "make": "Toyota", "brand": "toyota", "model": "Corolla Hybrid (South America only)", "year": ['
                                               b'"2020", "2021", "2022", "2023"], "package": "All"}, "Toyota Highlander 2017-19": {"platform": "TOYOT'
                                               b'A_HIGHLANDER", "make": "Toyota", "brand": "toyota", "model": "Highlander", "year": ["2017", "2018", '
                                               b'"2019"], "package": "All"}, "Toyota Highlander 2020-23": {"platform": "TOYOTA_HIGHLANDER_TSS2", "mak'
                                               b'e": "Toyota", "brand": "toyota", "model": "Highlander", "year": ["2020", "2021", "2022", "2023"], "p'
                                               b'ackage": "All"}, "Toyota Highlander Hybrid 2017-19": {"platform": "TOYOTA_HIGHLANDER", "make": "Toyo'
                                               b'ta", "brand": "toyota", "model": "Highlander Hybrid", "year": ["2017", "2018", "2019"], "package": "'
                                               b'All"}, "Toyota Highlander Hybrid 2020-23": {"platform": "TOYOTA_HIGHLANDER_TSS2", "make": "Toyota", '
                                               b'"brand": "toyota", "model": "Highlander Hybrid", "year": ["2020", "2021", "2022", "2023"], "package"'
                                               b': "All"}, "Toyota Mirai 2021": {"platform": "TOYOTA_MIRAI", "make": "Toyota", "brand": "toyota", "mo'
                                               b'del": "Mirai", "year": ["2021"], "package": "All"}, "Toyota Prius 2016": {"platform": "TOYOTA_PRIUS"'
                                               b', "make": "Toyota", "brand": "toyota", "model": "Prius", "year": ["2016"], "package": "Toyota Safety'
                                               b' Sense P"}, "Toyota Prius 2017-20": {"platform": "TOYOTA_PRIUS", "make": "Toyota", "brand": "toyota"'
                                               b', "model": "Prius", "year": ["2017", "2018", "2019", "2020"], "package": "All"}, "Toyota Prius 2021-'
                                               b'22": {"platform": "TOYOTA_PRIUS_TSS2", "make": "Toyota", "brand": "toyota", "model": "Prius", "year"'
                                               b': ["2021", "2022"], "package": "All"}, "Toyota Prius Prime 2017-20": {"platform": "TOYOTA_PRIUS", "m'
                                               b'ake": "Toyota", "brand": "toyota", "model": "Prius Prime", "year": ["2017", "2018", "2019", "2020"],'
                                               b' "package": "All"}, "Toyota Prius Prime 2021-22": {"platform": "TOYOTA_PRIUS_TSS2", "make": "Toyota"'
                                               b', "brand": "toyota", "model": "Prius Prime", "year": ["2021", "2022"], "package": "All"}, "Toyota Pr'
                                               b'ius v 2017": {"platform": "TOYOTA_PRIUS_V", "make": "Toyota", "brand": "toyota", "model": "Prius v",'
                                               b' "year": ["2017"], "package": "Toyota Safety Sense P"}, "Toyota RAV4 2016": {"platform": "TOYOTA_RAV'
                                               b'4", "make": "Toyota", "brand": "toyota", "model": "RAV4", "year": ["2016"], "package": "Toyota Safet'
                                               b'y Sense P"}, "Toyota RAV4 2017-18": {"platform": "TOYOTA_RAV4", "make": "Toyota", "brand": "toyota",'
                                               b' "model": "RAV4", "year": ["2017", "2018"], "package": "All"}, "Toyota RAV4 2019-21": {"platform": "'
                                               b'TOYOTA_RAV4_TSS2", "make": "Toyota", "brand": "toyota", "model": "RAV4", "year": ["2019", "2020", "2'
                                               b'021"], "package": "All"}, "Toyota RAV4 2022": {"platform": "TOYOTA_RAV4_TSS2_2022", "make": "Toyota"'
                                               b', "brand": "toyota", "model": "RAV4", "year": ["2022"], "package": "All"}, "Toyota RAV4 2023-25": {"'
                                               b'platform": "TOYOTA_RAV4_TSS2_2023", "make": "Toyota", "brand": "toyota", "model": "RAV4", "year": ["'
                                               b'2023", "2024", "2025"], "package": "All"}, "Toyota RAV4 Hybrid 2016": {"platform": "TOYOTA_RAV4H", "'
                                               b'make": "Toyota", "brand": "toyota", "model": "RAV4 Hybrid", "year": ["2016"], "package": "Toyota Saf'
                                               b'ety Sense P"}, "Toyota RAV4 Hybrid 2017-18": {"platform": "TOYOTA_RAV4H", "make": "Toyota", "brand":'
                                               b' "toyota", "model": "RAV4 Hybrid", "year": ["2017", "2018"], "package": "All"}, "Toyota RAV4 Hybrid '
                                               b'2019-21": {"platform": "TOYOTA_RAV4_TSS2", "make": "Toyota", "brand": "toyota", "model": "RAV4 Hybri'
                                               b'd", "year": ["2019", "2020", "2021"], "package": "All"}, "Toyota RAV4 Hybrid 2022": {"platform": "TO'
                                               b'YOTA_RAV4_TSS2_2022", "make": "Toyota", "brand": "toyota", "model": "RAV4 Hybrid", "year": ["2022"],'
                                               b' "package": "All"}, "Toyota RAV4 Hybrid 2023-25": {"platform": "TOYOTA_RAV4_TSS2_2023", "make": "Toy'
                                               b'ota", "brand": "toyota", "model": "RAV4 Hybrid", "year": ["2023", "2024", "2025"], "package": "All"}'
                                               b', "Toyota Sienna 2018-20": {"platform": "TOYOTA_SIENNA", "make": "Toyota", "brand": "toyota", "model'
                                               b'": "Sienna", "year": ["2018", "2019", "2020"], "package": "All"}, "Volkswagen Arteon 2018-23": {"pla'
                                               b'tform": "VOLKSWAGEN_ARTEON_MK1", "make": "Volkswagen", "brand": "volkswagen", "model": "Arteon", "ye'
                                               b'ar": ["2018", "2019", "2020", "2021", "2022", "2023"], "package": "Adaptive Cruise Control (ACC) & L'
                                               b'ane Assist"}, "Volkswagen Arteon eHybrid 2020-23": {"platform": "VOLKSWAGEN_ARTEON_MK1", "make": "Vo'
                                               b'lkswagen", "brand": "volkswagen", "model": "Arteon eHybrid", "year": ["2020", "2021", "2022", "2023"'
                                               b'], "package": "Adaptive Cruise Control (ACC) & Lane Assist"}, "Volkswagen Arteon R 2020-23": {"platf'
                                               b'orm": "VOLKSWAGEN_ARTEON_MK1", "make": "Volkswagen", "brand": "volkswagen", "model": "Arteon R", "ye'
                                               b'ar": ["2020", "2021", "2022", "2023"], "package": "Adaptive Cruise Control (ACC) & Lane Assist"}, "V'
                                               b'olkswagen Arteon Shooting Brake 2020-23": {"platform": "VOLKSWAGEN_ARTEON_MK1", "make": "Volkswagen"'
                                               b', "brand": "volkswagen", "model": "Arteon Shooting Brake", "year": ["2020", "2021", "2022", "2023"],'
                                               b' "package": "Adaptive Cruise Control (ACC) & Lane Assist"}, "Volkswagen Atlas 2018-23": {"platform":'
                                               b' "VOLKSWAGEN_ATLAS_MK1", "make": "Volkswagen", "brand": "volkswagen", "model": "Atlas", "year": ["20'
                                               b'18", "2019", "2020", "2021", "2022", "2023"], "package": "Adaptive Cruise Control (ACC) & Lane Assis'
                                               b't"}, "Volkswagen Atlas Cross Sport 2020-22": {"platform": "VOLKSWAGEN_ATLAS_MK1", "make": "Volkswage'
                                               b'n", "brand": "volkswagen", "model": "Atlas Cross Sport", "year": ["2020", "2021", "2022"], "package"'
                                               b': "Adaptive Cruise Control (ACC) & Lane Assist"}, "Volkswagen California 2021-23": {"platform": "VOL'
                                               b'KSWAGEN_TRANSPORTER_T61", "make": "Volkswagen", "brand": "volkswagen", "model": "California", "year"'
                                               b': ["2021", "2022", "2023"], "package": "Adaptive Cruise Control (ACC) & Lane Assist"}, "Volkswagen C'
                                               b'aravelle 2020": {"platform": "VOLKSWAGEN_TRANSPORTER_T61", "make": "Volkswagen", "brand": "volkswage'
                                               b'n", "model": "Caravelle", "year": ["2020"], "package": "Adaptive Cruise Control (ACC) & Lane Assist"'
                                               b'}, "Volkswagen CC 2018-22": {"platform": "VOLKSWAGEN_ARTEON_MK1", "make": "Volkswagen", "brand": "vo'
                                               b'lkswagen", "model": "CC", "year": ["2018", "2019", "2020", "2021", "2022"], "package": "Adaptive Cru'
                                               b'ise Control (ACC) & Lane Assist"}, "Volkswagen Crafter 2017-24": {"platform": "VOLKSWAGEN_CRAFTER_MK'
                                               b'2", "make": "Volkswagen", "brand": "volkswagen", "model": "Crafter", "year": ["2017", "2018", "2019"'
                                               b', "2020", "2021", "2022", "2023", "2024"], "package": "Adaptive Cruise Control (ACC) & Lane Assist"}'
                                               b', "Volkswagen e-Crafter 2018-24": {"platform": "VOLKSWAGEN_CRAFTER_MK2", "make": "Volkswagen", "bran'
                                               b'd": "volkswagen", "model": "e-Crafter", "year": ["2018", "2019", "2020", "2021", "2022", "2023", "20'
                                               b'24"], "package": "Adaptive Cruise Control (ACC) & Lane Assist"}, "Volkswagen e-Golf 2014-20": {"plat'
                                               b'form": "VOLKSWAGEN_GOLF_MK7", "make": "Volkswagen", "brand": "volkswagen", "model": "e-Golf", "year"'
                                               b': ["2014", "2015", "2016", "2017", "2018", "2019", "2020"], "package": "Adaptive Cruise Control (ACC'
                                               b') & Lane Assist"}, "Volkswagen Golf 2015-20": {"platform": "VOLKSWAGEN_GOLF_MK7", "make": "Volkswage'
                                               b'n", "brand": "volkswagen", "model": "Golf", "year": ["2015", "2016", "2017", "2018", "2019", "2020"]'
                                               b', "package": "Adaptive Cruise Control (ACC) & Lane Assist"}, "Volkswagen Golf Alltrack 2015-19": {"p'
                                               b'latform": "VOLKSWAGEN_GOLF_MK7", "make": "Volkswagen", "brand": "volkswagen", "model": "Golf Alltrac'
                                               b'k", "year": ["2015", "2016", "2017", "2018", "2019"], "package": "Adaptive Cruise Control (ACC) & La'
                                               b'ne Assist"}, "Volkswagen Golf GTD 2015-20": {"platform": "VOLKSWAGEN_GOLF_MK7", "make": "Volkswagen"'
                                               b', "brand": "volkswagen", "model": "Golf GTD", "year": ["2015", "2016", "2017", "2018", "2019", "2020'
                                               b'"], "package": "Adaptive Cruise Control (ACC) & Lane Assist"}, "Volkswagen Golf GTE 2015-20": {"plat'
                                               b'form": "VOLKSWAGEN_GOLF_MK7", "make": "Volkswagen", "brand": "volkswagen", "model": "Golf GTE", "yea'
                                               b'r": ["2015", "2016", "2017", "2018", "2019", "2020"], "package": "Adaptive Cruise Control (ACC) & La'
                                               b'ne Assist"}, "Volkswagen Golf GTI 2015-21": {"platform": "VOLKSWAGEN_GOLF_MK7", "make": "Volkswagen"'
                                               b', "brand": "volkswagen", "model": "Golf GTI", "year": ["2015", "2016", "2017", "2018", "2019", "2020'
                                               b'", "2021"], "package": "Adaptive Cruise Control (ACC) & Lane Assist"}, "Volkswagen Golf R 2015-19": '
                                               b'{"platform": "VOLKSWAGEN_GOLF_MK7", "make": "Volkswagen", "brand": "volkswagen", "model": "Golf R", '
                                               b'"year": ["2015", "2016", "2017", "2018", "2019"], "package": "Adaptive Cruise Control (ACC) & Lane A'
                                               b'ssist"}, "Volkswagen Golf SportsVan 2015-20": {"platform": "VOLKSWAGEN_GOLF_MK7", "make": "Volkswage'
                                               b'n", "brand": "volkswagen", "model": "Golf SportsVan", "year": ["2015", "2016", "2017", "2018", "2019'
                                               b'", "2020"], "package": "Adaptive Cruise Control (ACC) & Lane Assist"}, "Volkswagen Grand California '
                                               b'2019-24": {"platform": "VOLKSWAGEN_CRAFTER_MK2", "make": "Volkswagen", "brand": "volkswagen", "model'
                                               b'": "Grand California", "year": ["2019", "2020", "2021", "2022", "2023", "2024"], "package": "Adaptiv'
                                               b'e Cruise Control (ACC) & Lane Assist"}, "Volkswagen Jetta 2019-23": {"platform": "VOLKSWAGEN_JETTA_M'
                                               b'K7", "make": "Volkswagen", "brand": "volkswagen", "model": "Jetta", "year": ["2019", "2020", "2021",'
                                               b' "2022", "2023"], "package": "Adaptive Cruise Control (ACC) & Lane Assist"}, "Volkswagen Jetta GLI 2'
                                               b'021-23": {"platform": "VOLKSWAGEN_JETTA_MK7", "make": "Volkswagen", "brand": "volkswagen", "model": '
                                               b'"Jetta GLI", "year": ["2021", "2022", "2023"], "package": "Adaptive Cruise Control (ACC) & Lane Assi'
                                               b'st"}, "Volkswagen Passat 2015-22": {"platform": "VOLKSWAGEN_PASSAT_MK8", "make": "Volkswagen", "bran'
                                               b'd": "volkswagen", "model": "Passat", "year": ["2015", "2016", "2017", "2018", "2019", "2020", "2021"'
                                               b', "2022"], "package": "Adaptive Cruise Control (ACC) & Lane Assist"}, "Volkswagen Passat Alltrack 20'
                                               b'15-22": {"platform": "VOLKSWAGEN_PASSAT_MK8", "make": "Volkswagen", "brand": "volkswagen", "model": '
                                               b'"Passat Alltrack", "year": ["2015", "2016", "2017", "2018", "2019", "2020", "2021", "2022"], "packag'
                                               b'e": "Adaptive Cruise Control (ACC) & Lane Assist"}, "Volkswagen Passat GTE 2015-22": {"platform": "V'
                                               b'OLKSWAGEN_PASSAT_MK8", "make": "Volkswagen", "brand": "volkswagen", "model": "Passat GTE", "year": ['
                                               b'"2015", "2016", "2017", "2018", "2019", "2020", "2021", "2022"], "package": "Adaptive Cruise Control'
                                               b' (ACC) & Lane Assist"}, "Volkswagen Polo 2018-23": {"platform": "VOLKSWAGEN_POLO_MK6", "make": "Volk'
                                               b'swagen", "brand": "volkswagen", "model": "Polo", "year": ["2018", "2019", "2020", "2021", "2022", "2'
                                               b'023"], "package": "Adaptive Cruise Control (ACC) & Lane Assist"}, "Volkswagen Polo GTI 2018-23": {"p'
                                               b'latform": "VOLKSWAGEN_POLO_MK6", "make": "Volkswagen", "brand": "volkswagen", "model": "Polo GTI", "'
                                               b'year": ["2018", "2019", "2020", "2021", "2022", "2023"], "package": "Adaptive Cruise Control (ACC) &'
                                               b' Lane Assist"}, "Volkswagen T-Cross 2021": {"platform": "VOLKSWAGEN_TCROSS_MK1", "make": "Volkswagen'
                                               b'", "brand": "volkswagen", "model": "T-Cross", "year": ["2021"], "package": "Adaptive Cruise Control '
                                               b'(ACC) & Lane Assist"}, "Volkswagen T-Roc 2018-23": {"platform": "VOLKSWAGEN_TROC_MK1", "make": "Volk'
                                               b'swagen", "brand": "volkswagen", "model": "T-Roc", "year": ["2018", "2019", "2020", "2021", "2022", "'
                                               b'2023"], "package": "Adaptive Cruise Control (ACC) & Lane Assist"}, "Volkswagen Taos 2022-24": {"plat'
                                               b'form": "VOLKSWAGEN_TAOS_MK1", "make": "Volkswagen", "brand": "volkswagen", "model": "Taos", "year": '
                                               b'["2022", "2023", "2024"], "package": "Adaptive Cruise Control (ACC) & Lane Assist"}, "Volkswagen Ter'
                                               b'amont 2018-22": {"platform": "VOLKSWAGEN_ATLAS_MK1", "make": "Volkswagen", "brand": "volkswagen", "m'
                                               b'odel": "Teramont", "year": ["2018", "2019", "2020", "2021", "2022"], "package": "Adaptive Cruise Con'
                                               b'trol (ACC) & Lane Assist"}, "Volkswagen Teramont Cross Sport 2021-22": {"platform": "VOLKSWAGEN_ATLA'
                                               b'S_MK1", "make": "Volkswagen", "brand": "volkswagen", "model": "Teramont Cross Sport", "year": ["2021'
                                               b'", "2022"], "package": "Adaptive Cruise Control (ACC) & Lane Assist"}, "Volkswagen Teramont X 2021-2'
                                               b'2": {"platform": "VOLKSWAGEN_ATLAS_MK1", "make": "Volkswagen", "brand": "volkswagen", "model": "Tera'
                                               b'mont X", "year": ["2021", "2022"], "package": "Adaptive Cruise Control (ACC) & Lane Assist"}, "Volks'
                                               b'wagen Tiguan 2018-24": {"platform": "VOLKSWAGEN_TIGUAN_MK2", "make": "Volkswagen", "brand": "volkswa'
                                               b'gen", "model": "Tiguan", "year": ["2018", "2019", "2020", "2021", "2022", "2023", "2024"], "package"'
                                               b': "Adaptive Cruise Control (ACC) & Lane Assist"}, "Volkswagen Tiguan eHybrid 2021-23": {"platform": '
                                               b'"VOLKSWAGEN_TIGUAN_MK2", "make": "Volkswagen", "brand": "volkswagen", "model": "Tiguan eHybrid", "ye'
                                               b'ar": ["2021", "2022", "2023"], "package": "Adaptive Cruise Control (ACC) & Lane Assist"}, "Volkswage'
                                               b'n Touran 2016-23": {"platform": "VOLKSWAGEN_TOURAN_MK2", "make": "Volkswagen", "brand": "volkswagen"'
                                               b', "model": "Touran", "year": ["2016", "2017", "2018", "2019", "2020", "2021", "2022", "2023"], "pack'
                                               b'age": "Adaptive Cruise Control (ACC) & Lane Assist"}}'},
                                     {'key': 'CarParamsPersistent',
                                      'value': b'\x00\x00\x00\x00\xa9\x00\x00\x00\x00\x00\x00\x00\x12\x00\x0e\x00\x02A\x00\x00\x00\x00\x80\xbf'
                                               b'\x00\x00\x00\x00\x00\x00\x03\x00\x00p\x10E\x8f\xc2=@\xd9\xce\x97?\xf6(dA\x00\x00\x00\x00'
                                               b'\x86\xec\x94Eb#\xa3H\xef\xec\xabH\x00\x00\x00?\x00\x00\x80?\x00\x00\x00\x00\x00\x00\x00\x00'
                                               b'\xcd\xcc\xcc=\x00\x00\x01\x00\x00\x00\x00\x00\xcd\xcc\xcc>\x00\x00\x00\x04\x00\x00\x00\x00\xcd\xccL?'
                                               b'\x00\x00\x00\x00\x00\x00\x00\x00\x00\x00\x00?\xcd\xcc\xcc=\x00\x00\x00\xc0\x00\x00\x00\x00'
                                               b'\x00\x00\x80?\x03*\x10\x08\x06\x00\x00\x00\x00\x00 @\xcd\xcc\x8c?\x00\x00\x00\x00\x00\x00\x00\x00'
                                               b'm\x00\x00\x00B\x00\x00\x001\x00\x00\x00\x92\x00\x00\x00\x00\x00\x00\x00\x00\x00\x00\x00'
                                               b'\x00\x00\x00\x00\x00\x00\x00\x00\x00\x00\x00\x00\x00\x00\x00\x00\x00\x00\x00\x00\x00\x00\x00\x00'
                                               b'\x00\x00\x00\x00\x00\x00\x00\x00\x00\x00\x00\x00\x00\x00\x00\x00 \x00\x00\x00\x01\x00\x06\x00'
                                               b'X\x00\x00\x00\x05\x00\x00\x00i\x00\x00\x00\x92\x00\x00\x00q\x00\x00\x00o\x01\x00\x00\x00\x00\x00\x00'
                                               b'\x00\x00\x00\x00=\x00\x00\x00\x17\x00\x00\x00HYUNDAI_IONIQ_6_N\x00\x00\x00\x00\x00\x00\x00'
                                               b'\x00\x00\x00\x00\x00\x00\x00\x00\x15\x00\x00\x00\x0c\x00\x00\x00\x15\x00\x00\x00\x0c\x00\x00\x00'
                                               b'\x15\x00\x00\x00\x0c\x00\x00\x00\x15\x00\x00\x00\x0c\x00\x00\x00\x00\x00\x00\x00\x00\x00\x00\x00'
                                               b'\x00\x00\x00\x00\x00\x00\x00\x00\x00\x00\x00\x00\x00\x00\x00\x00\x00\x00\x00\x00\x00\x00\x00\x00'
                                               b'\x00\x00\x00\x00\x00\x00\x00\x00\x00\x00\x00\x00\x00\x00\x00\x00hyundai\x00\x04\x00\x00\x00'
                                               b'\x02\x00\x00\x00\x1c\x00\x00\x00\x00\x00\x00\x00\xb1\x00\x00\x00\x00\x00\x00\x00\x00\x00\x00\x00'
                                               b'\x00\x00\x00\x00\x00\x00\x00\x00\n\xd7\xa3;\x00\x00\x00\x00\x00\x00\x00\x00\x00\x00 @'
                                               b'\x00\x00\x00\x00\x00\x00\x00\x00\x00\x00\x00\x0000000000000000000\x00\x00\x00\x00\x00\x00\x00'
                                               b'$\x00\x00\x00\x02\x00\x03\x00\x02\x00\x00\x00\xd0\x07\x00\x00\xd8\x07\x00\x00\x02\x00\x00\x00'
                                               b'\xa9\x00\x00\x00\xa2\x01\x00\x00\xc1\x00\x00\x00\x0e\x00\x00\x00\xc5\x00\x00\x00B\x00\x00\x00'
                                               b'\x0c\x00\x00\x01\xc6\x07\x00\x00\xce\x07\x00\x00\x01\x00\x00\x00\xbd\x00\x00\x00*\x00\x00\x00'
                                               b'\xbd\x00\x00\x00\x0e\x00\x00\x00\xc1\x00\x00\x00B\x00\x00\x00\x13\x00\x00\x010\x07\x00\x00'
                                               b'8\x07\x00\x00\x01\x00\x00\x00\xb9\x00\x00\x00\xda\x00\x00\x00\xc5\x00\x00\x00\x0e\x00\x00\x00'
                                               b'\xc9\x00\x00\x00B\x00\x00\x00\x14\x00\x00\x01\xb3\x07\x00\x00\xbb\x07\x00\x00\x01\x00\x00\x00'
                                               b'\xc1\x00\x00\x00\x02\x02\x00\x00\xdd\x00\x00\x00\x0e\x00\x00\x00\xe1\x00\x00\x00B\x00\x00\x00'
                                               b'\x03\x00\x00\x01\xc4\x07\x00\x00\xcc\x07\x00\x00\x00\x00\x00\x00\xd9\x00\x00\x00\x92\x01\x00\x00'
                                               b'\xf1\x00\x00\x00\x0e\x00\x00\x00\xf5\x00\x00\x00B\x00\x00\x00\x02\x00\x00\x01\xd0\x07\x00\x00'
                                               b'\xd8\x07\x00\x00\x00\x00\x00\x00\xed\x00\x00\x00\xa2\x01\x00\x00\x05\x01\x00\x00\x0e\x00\x00\x00'
                                               b'\t\x01\x00\x00B\x00\x00\x00\x02\x00\x00\x00\xd0\x07\x00\x00\xd8\x07\x00\x00\x03\x00\x00\x00'
                                               b'\x01\x01\x00\x002\x00\x00\x00\x01\x01\x00\x00\x0e\x00\x00\x00\x05\x01\x00\x00B\x00\x00\x00'
                                               b'\x14\x00\x00\x01\xb3\x07\x00\x00\xbb\x07\x00\x00\x01\x00\x00\x00\xfd\x00\x00\x002\x00\x00\x00'
                                               b'\xfd\x00\x00\x00\x0e\x00\x00\x00\x01\x01\x00\x00B\x00\x00\x00\x0c\x00\x00\x01\xc6\x07\x00\x00'
                                               b'\xce\x07\x00\x00\x01\x00\x00\x00\xf9\x00\x00\x00\x12\x00\x00\x00\xf9\x00\x00\x00\x0e\x00\x00\x00'
                                               b'\xfd\x00\x00\x00B\x00\x00\x00\xf1\x00CE__ RDR -----      1.00 1.01 99110-JD000         '
                                               b'\x00\x00\x00\x00\x01\x00\x00\x00\x1a\x00\x00\x00"\xf1\x00\x00\x00\x00\x00\x00hyundai\x00\xf1\x004B'
                                               b'1\x00\x00\x00\x01\x00\x00\x00\x1a\x00\x00\x00"\xf1\x00\x00\x00\x00\x00\x00hyundai\x00\xf1\x00CENFFB'
                                               b'L6 1.00 1.01 250925\x00\x00\x00\x00\x00\x01\x00\x00\x00\x1a\x00\x00\x00"\xf1\x00\x00\x00\x00\x00\x00'
                                               b"hyundai\x00\xf1\x00CE1   97255-JD000CONTROL ASS'Y-DATC  1.01.10_R2.0_v24.11.01   \x01\x00\x00\x00"
                                               b'\x1a\x00\x00\x00"\xf1\x00\x00\x00\x00\x00\x00hyundai\x00\xf1\x00CE  MFC  AT KOR LHD 1.00 1.00 9921'
                                               b'1-JD000 250716\x00\x00\x00\x00\x00\x00\x01\x00\x00\x00\x1a\x00\x00\x00"\xf1\x00\x00\x00\x00\x00\x00'
                                               b'hyundai\x00\xf1\x00CE__ RDR -----      1.00 1.01 99110-JD000         \x00\x00\x00\x00'
                                               b'\x01\x00\x00\x00\x1a\x00\x00\x00"\xf1\x00\x00\x00\x00\x00\x00hyundai\x00\xf1\x8b %\x11\x04\x00\x00'
                                               b'\x01\x00\x00\x00\x1a\x00\x00\x00"\xf1\x8b\x00\x00\x00\x00\x00hyundai\x00\xf1\x10\x07\x00'
                                               b'\x00\x00\x00\x00\x01\x00\x00\x00\x1a\x00\x00\x00"\xf1\x10\x00\x00\x00\x00\x00hyundai\x00'
                                               b'\xf1\x10\x00\x00\x00\x00\x00\x00\x01\x00\x00\x00\x1a\x00\x00\x00"\xf1\x10\x00\x00\x00\x00\x00hyun'
                                               b'dai\x00'},
                                     {'key': 'CarParamsPrevRoute',
                                      'value': b'\x00\x00\x00\x00\xa9\x00\x00\x00\x00\x00\x00\x00\x12\x00\x0e\x00\x02A\x00\x00\x00\x00\x80\xbf'
                                               b'\x00\x00\x00\x00\x00\x00\x03\x00\x00p\x10E\x8f\xc2=@\xd9\xce\x97?\xf6(dA\x00\x00\x00\x00'
                                               b'\x86\xec\x94Eb#\xa3H\xef\xec\xabH\x00\x00\x00?\x00\x00\x80?\x00\x00\x00\x00\x00\x00\x00\x00'
                                               b'\xcd\xcc\xcc=\x00\x00\x01\x00\x00\x00\x00\x00\xcd\xcc\xcc>\x00\x00\x00\x04\x00\x00\x00\x00\xcd\xccL?'
                                               b'\x00\x00\x00\x00\x00\x00\x00\x00\x00\x00\x00?\xcd\xcc\xcc=\x00\x00\x00\xc0\x00\x00\x00\x00'
                                               b'\x00\x00\x80?\x03*\x10\x08\x06\x00\x00\x00\x00\x00 @\xcd\xcc\x8c?\x00\x00\x00\x00\x00\x00\x00\x00'
                                               b'm\x00\x00\x00B\x00\x00\x001\x00\x00\x00\x92\x00\x00\x00\x00\x00\x00\x00\x00\x00\x00\x00'
                                               b'\x00\x00\x00\x00\x00\x00\x00\x00\x00\x00\x00\x00\x00\x00\x00\x00\x00\x00\x00\x00\x00\x00\x00\x00'
                                               b'\x00\x00\x00\x00\x00\x00\x00\x00\x00\x00\x00\x00\x00\x00\x00\x00 \x00\x00\x00\x01\x00\x06\x00'
                                               b'X\x00\x00\x00\x05\x00\x00\x00i\x00\x00\x00\x92\x00\x00\x00q\x00\x00\x00o\x01\x00\x00\x00\x00\x00\x00'
                                               b'\x00\x00\x00\x00=\x00\x00\x00\x17\x00\x00\x00HYUNDAI_IONIQ_6_N\x00\x00\x00\x00\x00\x00\x00'
                                               b'\x00\x00\x00\x00\x00\x00\x00\x00\x15\x00\x00\x00\x0c\x00\x00\x00\x15\x00\x00\x00\x0c\x00\x00\x00'
                                               b'\x15\x00\x00\x00\x0c\x00\x00\x00\x15\x00\x00\x00\x0c\x00\x00\x00\x00\x00\x00\x00\x00\x00\x00\x00'
                                               b'\x00\x00\x00\x00\x00\x00\x00\x00\x00\x00\x00\x00\x00\x00\x00\x00\x00\x00\x00\x00\x00\x00\x00\x00'
                                               b'\x00\x00\x00\x00\x00\x00\x00\x00\x00\x00\x00\x00\x00\x00\x00\x00hyundai\x00\x04\x00\x00\x00'
                                               b'\x02\x00\x00\x00\x1c\x00\x00\x00\x00\x00\x00\x00\xb1\x00\x00\x00\x00\x00\x00\x00\x00\x00\x00\x00'
                                               b'\x00\x00\x00\x00\x00\x00\x00\x00\n\xd7\xa3;\x00\x00\x00\x00\x00\x00\x00\x00\x00\x00 @'
                                               b'\x00\x00\x00\x00\x00\x00\x00\x00\x00\x00\x00\x0000000000000000000\x00\x00\x00\x00\x00\x00\x00'
                                               b'$\x00\x00\x00\x02\x00\x03\x00\x02\x00\x00\x00\xd0\x07\x00\x00\xd8\x07\x00\x00\x02\x00\x00\x00'
                                               b'\xa9\x00\x00\x00\xa2\x01\x00\x00\xc1\x00\x00\x00\x0e\x00\x00\x00\xc5\x00\x00\x00B\x00\x00\x00'
                                               b'\x0c\x00\x00\x01\xc6\x07\x00\x00\xce\x07\x00\x00\x01\x00\x00\x00\xbd\x00\x00\x00*\x00\x00\x00'
                                               b'\xbd\x00\x00\x00\x0e\x00\x00\x00\xc1\x00\x00\x00B\x00\x00\x00\x13\x00\x00\x010\x07\x00\x00'
                                               b'8\x07\x00\x00\x01\x00\x00\x00\xb9\x00\x00\x00\xda\x00\x00\x00\xc5\x00\x00\x00\x0e\x00\x00\x00'
                                               b'\xc9\x00\x00\x00B\x00\x00\x00\x14\x00\x00\x01\xb3\x07\x00\x00\xbb\x07\x00\x00\x01\x00\x00\x00'
                                               b'\xc1\x00\x00\x00\x02\x02\x00\x00\xdd\x00\x00\x00\x0e\x00\x00\x00\xe1\x00\x00\x00B\x00\x00\x00'
                                               b'\x03\x00\x00\x01\xc4\x07\x00\x00\xcc\x07\x00\x00\x00\x00\x00\x00\xd9\x00\x00\x00\x92\x01\x00\x00'
                                               b'\xf1\x00\x00\x00\x0e\x00\x00\x00\xf5\x00\x00\x00B\x00\x00\x00\x02\x00\x00\x01\xd0\x07\x00\x00'
                                               b'\xd8\x07\x00\x00\x00\x00\x00\x00\xed\x00\x00\x00\xa2\x01\x00\x00\x05\x01\x00\x00\x0e\x00\x00\x00'
                                               b'\t\x01\x00\x00B\x00\x00\x00\x02\x00\x00\x00\xd0\x07\x00\x00\xd8\x07\x00\x00\x03\x00\x00\x00'
                                               b'\x01\x01\x00\x002\x00\x00\x00\x01\x01\x00\x00\x0e\x00\x00\x00\x05\x01\x00\x00B\x00\x00\x00'
                                               b'\x14\x00\x00\x01\xb3\x07\x00\x00\xbb\x07\x00\x00\x01\x00\x00\x00\xfd\x00\x00\x002\x00\x00\x00'
                                               b'\xfd\x00\x00\x00\x0e\x00\x00\x00\x01\x01\x00\x00B\x00\x00\x00\x0c\x00\x00\x01\xc6\x07\x00\x00'
                                               b'\xce\x07\x00\x00\x01\x00\x00\x00\xf9\x00\x00\x00\x12\x00\x00\x00\xf9\x00\x00\x00\x0e\x00\x00\x00'
                                               b'\xfd\x00\x00\x00B\x00\x00\x00\xf1\x00CE__ RDR -----      1.00 1.01 99110-JD000         '
                                               b'\x00\x00\x00\x00\x01\x00\x00\x00\x1a\x00\x00\x00"\xf1\x00\x00\x00\x00\x00\x00hyundai\x00\xf1\x004B'
                                               b'1\x00\x00\x00\x01\x00\x00\x00\x1a\x00\x00\x00"\xf1\x00\x00\x00\x00\x00\x00hyundai\x00\xf1\x00CENFFB'
                                               b'L6 1.00 1.01 250925\x00\x00\x00\x00\x00\x01\x00\x00\x00\x1a\x00\x00\x00"\xf1\x00\x00\x00\x00\x00\x00'
                                               b"hyundai\x00\xf1\x00CE1   97255-JD000CONTROL ASS'Y-DATC  1.01.10_R2.0_v24.11.01   \x01\x00\x00\x00"
                                               b'\x1a\x00\x00\x00"\xf1\x00\x00\x00\x00\x00\x00hyundai\x00\xf1\x00CE  MFC  AT KOR LHD 1.00 1.00 9921'
                                               b'1-JD000 250716\x00\x00\x00\x00\x00\x00\x01\x00\x00\x00\x1a\x00\x00\x00"\xf1\x00\x00\x00\x00\x00\x00'
                                               b'hyundai\x00\xf1\x00CE__ RDR -----      1.00 1.01 99110-JD000         \x00\x00\x00\x00'
                                               b'\x01\x00\x00\x00\x1a\x00\x00\x00"\xf1\x00\x00\x00\x00\x00\x00hyundai\x00\xf1\x8b %\x11\x04\x00\x00'
                                               b'\x01\x00\x00\x00\x1a\x00\x00\x00"\xf1\x8b\x00\x00\x00\x00\x00hyundai\x00\xf1\x10\x07\x00'
                                               b'\x00\x00\x00\x00\x01\x00\x00\x00\x1a\x00\x00\x00"\xf1\x10\x00\x00\x00\x00\x00hyundai\x00'
                                               b'\xf1\x10\x00\x00\x00\x00\x00\x00\x01\x00\x00\x00\x1a\x00\x00\x00"\xf1\x10\x00\x00\x00\x00\x00hyun'
                                               b'dai\x00'},
                                     {'key': 'CarParamsSPPersistent',
                                      'value': b'\x00\x00\x00\x00\x16\x00\x00\x00\x00\x00\x00\x00\x01\x00\x01\x00\x04\x02\x00\x00\x02\x00\x01\x00'
                                               b'\x00\x00\x00\x00\x01\x00\x01\x00\x01\x00\x00\x00\x00\x00\x00\x00\x00\x00\x00\x00\x00\x00\x02\x00'
                                               b'\x05\x00\x00\x00\x1a\x03\x00\x005\x00\x00\x00\x82\x00\x00\x00/data/openpilot/sunnypilot/neural_ne'
                                               b'twork_data/neural_network_lateral_control/HYUNDAI_IONIQ_5.json\x00\x00\x00\x00\x00\x00HYUNDAI_IONI'
                                               b'Q_5\x00'},
                                     {'key': 'ChevronInfo', 'value': b'4'}, {'key': 'CompletedSunnylinkConsentVersion', 'value': b'-1'},
                                     {'key': 'CompletedTrainingVersion', 'value': b'0.2.0'},
                                     {'key': 'CurrentBootlog', 'value': b'0000000e--4add8ffd5e'},
                                     {'key': 'CustomAccIncrementsEnabled', 'value': b'0'}, {'key': 'CustomAccLongPressIncrement', 'value': b'5'},
                                     {'key': 'CustomAccShortPressIncrement', 'value': b'1'}, {'key': 'DevUIInfo', 'value': b'0'},
                                     {'key': 'DeviceBootMode', 'value': b'0'}, {'key': 'DisableUpdates', 'value': b'0'},
                                     {'key': 'DisengageOnAccelerator', 'value': b'0'}, {'key': 'DongleId', 'value': b'99b215d21bbf8735'},
                                     {'key': 'DynamicExperimentalControl', 'value': b'0'}, {'key': 'GitBranch', 'value': b'ccnc-port-prebuilt'},
                                     {'key': 'GitCommit', 'value': b'f0ba17dff4be08f2c309ec9ea14e05be67b99710'},
                                     {'key': 'GitCommitDate', 'value': b"'1775102522 2026-04-02 13:02:02 +0900'"}, {'key': 'GitDiff', 'value': b''},
                                     {'key': 'GitRemote', 'value': b'https://github.com/krvista/openpilot.git'},
                                     {'key': 'GithubRunnerSufficientVoltage', 'value': b'1'}, {'key': 'GreenLightAlert', 'value': b'0'},
                                     {'key': 'GsmMetered', 'value': b'0'}, {'key': 'HardwareSerial', 'value': b'dc80b5c4'},
                                     {'key': 'HasAcceptedTerms', 'value': b'2'}, {'key': 'HasAcceptedTermsSP', 'value': b'1.0'},
                                     {'key': 'HideVEgoUI', 'value': b'0'}, {'key': 'HyundaiLongitudinalTuning', 'value': b'0'},
                                     {'key': 'InstallDate', 'value': b'2026-03-31T13:24:27.722292'}, {'key': 'InteractivityTimeout', 'value': b'0'},
                                     {'key': 'IsDevelopmentBranch', 'value': b'1'}, {'key': 'IsEngaged', 'value': b'0'},
                                     {'key': 'IsMetric', 'value': b'1'}, {'key': 'IsOffroad', 'value': b'0'}, {'key': 'IsOnroad', 'value': b'1'},
                                     {'key': 'IsReleaseBranch', 'value': b'0'}, {'key': 'IsReleaseSpBranch', 'value': b'0'},
                                     {'key': 'IsTestedBranch', 'value': b'0'}, {'key': 'LagdToggle', 'value': b'1'},
                                     {'key': 'LagdToggleDelay', 'value': b'0.2'}, {'key': 'LagdValueCache', 'value': b'0.30000001192092896'},
                                     {'key': 'LaneTurnDesire', 'value': b'0'}, {'key': 'LaneTurnValue', 'value': b'19.0'},
                                     {'key': 'LanguageSetting', 'value': b'en'},
                                     {'key': 'LastOffroadStatusPacket',
                                      'value': b'{"count": 2, "pandaStates": [{"voltage": 12859, "current": 254, "ignitionLine": true, "controlsAllow'
                                               b'ed": false, "rxBufferOverflow": 0, "txBufferOverflow": 0, "pandaType": "cuatro", "ignitionCan": fals'
                                               b'e, "safetyModel": "noOutput", "faultStatus": "none", "powerSaveEnabled": false, "uptime": 7, "faults'
                                               b'": [], "safetyRxInvalid": 0, "harnessStatus": "flipped", "heartbeatLost": false, "alternativeExperie'
                                               b'nce": 0, "safetyTxBlocked": 0, "interruptLoad": 0.20709486305713654, "safetyParam": 0, "fanPower": 3'
                                               b'0, "canState0": {"busOff": false, "busOffCnt": 0, "errorWarning": false, "errorPassive": false, "las'
                                               b'tError": "noChange", "lastStoredError": "noError", "lastDataError": "noError", "lastDataStoredError"'
                                               b': "noError", "receiveErrorCnt": 0, "transmitErrorCnt": 0, "totalErrorCnt": 0, "totalTxLostCnt": 0, "'
                                               b'totalRxLostCnt": 1, "totalTxCnt": 0, "totalRxCnt": 11240, "totalFwdCnt": 0, "canSpeed": 500, "canDat'
                                               b'aSpeed": 2000, "canfdEnabled": true, "brsEnabled": true, "canfdNonIso": false, "irq0CallRate": 1842,'
                                               b' "irq1CallRate": 0, "irq2CallRate": 0, "canCoreResetCnt": 0}, "canState1": {"busOff": false, "busOff'
                                               b'Cnt": 0, "errorWarning": false, "errorPassive": false, "lastError": "noChange", "lastStoredError": "'
                                               b'formError", "lastDataError": "noError", "lastDataStoredError": "noError", "receiveErrorCnt": 0, "tra'
                                               b'nsmitErrorCnt": 0, "totalErrorCnt": 0, "totalTxLostCnt": 0, "totalRxLostCnt": 1, "totalTxCnt": 0, "t'
                                               b'otalRxCnt": 20361, "totalFwdCnt": 0, "canSpeed": 500, "canDataSpeed": 2000, "canfdEnabled": true, "b'
                                               b'rsEnabled": true, "canfdNonIso": false, "irq0CallRate": 3242, "irq1CallRate": 0, "irq2CallRate": 0, '
                                               b'"canCoreResetCnt": 0}, "canState2": {"busOff": false, "busOffCnt": 0, "errorWarning": false, "errorP'
                                               b'assive": false, "lastError": "noChange", "lastStoredError": "noError", "lastDataError": "noError", "'
                                               b'lastDataStoredError": "noError", "receiveErrorCnt": 0, "transmitErrorCnt": 0, "totalErrorCnt": 0, "t'
                                               b'otalTxLostCnt": 0, "totalRxLostCnt": 0, "totalTxCnt": 0, "totalRxCnt": 11179, "totalFwdCnt": 0, "can'
                                               b'Speed": 500, "canDataSpeed": 2000, "canfdEnabled": true, "brsEnabled": true, "canfdNonIso": false, "'
                                               b'irq0CallRate": 1840, "irq1CallRate": 0, "irq2CallRate": 0, "canCoreResetCnt": 0}, "safetyRxChecksInv'
                                               b'alid": false, "spiErrorCount": 6, "sbu1Voltage": 0.07400000095367432, "sbu2Voltage": 0.2910000085830'
                                               b'6885, "soundOutputLevel": 0}], "peripheralState": {"pandaType": "cuatro", "voltage": 12925, "current'
                                               b'": 282, "fanSpeedRpm": 0}, "location": null, "deviceState": {"deviceState": {"freeSpacePercent": 86.'
                                               b'82872009277344, "fanSpeedPercentDesired": 30, "started": true, "startedMonoTime": 32729963840, "ther'
                                               b'malStatus": "green", "memoryUsagePercent": 26, "networkType": "none", "offroadPowerUsageUwh": 0, "ne'
                                               b'tworkStrength": "unknown", "carBatteryCapacityUwh": 30006547, "cpuTempC": [42.5, 39.20000076293945, '
                                               b'38.900001525878906, 40.20000076293945, 41.79999923706055, 41.20000076293945, 35.20000076293945, 35.2'
                                               b'0000076293945], "gpuTempC": [31.299999237060547, 32.29999923706055], "memoryTempC": 31.8999996185302'
                                               b'73, "lastAthenaPingTime": 0, "gpuUsagePercent": 0, "cpuUsagePercent": [100, 100, 100, 100, 98, 100, '
                                               b'0, 0], "modemTempC": [], "screenBrightnessPercent": 64, "pmicTempC": [28.04800033569336, 37.0], "pow'
                                               b'erDrawW": 0.0, "networkMetered": false, "somPowerDrawW": 2.697079658508301, "networkStats": {"wwanTx'
                                               b'": -1, "wwanRx": -1}, "maxTempC": 42.5, "deviceType": "mici", "intakeTempC": 26.238000869750977, "ex'
                                               b'haustTempC": -40.0, "gnssTempC": 0.0, "dspTempC": 31.600000381469727, "bottomSocTempC": 0.0}, "logMo'
                                               b'noTime": 32682895350, "valid": true}}'},
                                     {'key': 'LastUpdateRouteCount', 'value': b'5'},
                                     {'key': 'LastUpdateTime', 'value': b'2026-04-02T04:26:05.686987'},
                                     {'key': 'LastUpdateUptimeOnroad', 'value': b'4317.405560539013'}, {'key': 'LeadDepartAlert', 'value': b'0'},
                                     {'key': 'LiveDelay',
                                      'value': b'\x00\x00\x00\x00\x08\x00\x00\x00\x00\x00\x00\x00\x02\x00\x01\x00\x98Cvk!\x01\x00\x00\x90\x00\x01\x00'
                                               b'\x00\x00\x00\x00\x00\x00\x00\x00\x03\x00\x01\x00\x9a\x99\x99>\x00\x00\x00\x00\x00\x00\x00\x00'
                                               b'\x9a\x99\x99>\x00\x00\x00\x00\x00\x00\x00\x00\x00\x00\x00\x00\x00\x00\x00\x00'},
                                     {'key': 'LiveParametersV2',
                                      'value': b'\x00\x00\x00\x00\r\x00\x00\x00\x00\x00\x00\x00\x02\x00\x01\x00\xc9\xca3e!\x01\x00\x00<\x00\x01\x00'
                                               b'\x00\x00\x00\x00\x00\x00\x00\x00\x07\x00\x02\x00\x07\x00\x00\x00\x00\x00\x00\x00\x00\x00\x00\x00'
                                               b'\x00\x00\x00\x00\x00\x00\x80?\xf6(dA\x00\x00\x00\x00\x00\x00\x00\x005\xfa\x8e;\xd3\x02\xb79'
                                               b'o\x12\x03:\n\xd7#<\x00\x00\x00\x00\x00\x00\x00\x00\x00\x00\x00\x00\x00\x00\x00\x00\x00\x00\x00\x00'
                                               b'\x00\x00\x00\x00'},
                                     {'key': 'LiveTorqueParameters'}, {'key': 'LongitudinalManeuverMode', 'value': b'0'},
                                     {'key': 'LongitudinalPersonality', 'value': b'1'}, {'key': 'Mads', 'value': b'1'},
                                     {'key': 'MadsMainCruiseAllowed', 'value': b'1'}, {'key': 'MadsSteeringMode', 'value': b'0'},
                                     {'key': 'MadsUnifiedEngagementMode', 'value': b'1'}, {'key': 'MapdVersion', 'value': b'v1.12.0'},
                                     {'key': 'MaxTimeOffroad', 'value': b'1800'}, {'key': 'ModelManager_LastSyncTime', 'value': b'0'},
                                     {'key': 'ModelManager_ModelsCache',
                                      'value': b'{"tinygrad_ref": "3501a714785ff370cffb966a45d5f9cdf6c9ea7a", "bundles": [{"short_name": "LAV2", "dis'
                                               b'play_name": "LAv2 (January 24, 2024)", "is_20hz": true, "ref": "f9d5fc7dd9b763356a1201d96c6953ed4562'
                                               b'226e", "environment": "development", "runner": "tinygrad", "index": 0, "minimum_selector_version": "'
                                               b'15", "generation": "4", "build_time": "2026-03-12T15:54:47Z", "overrides": {"folder": "Legacy Models'
                                               b'", "lat": ".0", "long": ".3"}, "models": [{"type": "supercombo", "artifact": {"file_name": "supercom'
                                               b'bo_lav2_tinygrad.pkl", "download_uri": {"url": "https://gitlab.com/sunnypilot/public/docs.sunnypilot'
                                               b'.ai5/-/raw/main/models/recompiled15/model-LAv2%20%28January%2024%2C%202024%29-138/supercombo_lav2_ti'
                                               b'nygrad.pkl", "sha256": "dd0538da43cde667f680cd761b5e949c16efa54931c97a71b11de711304a9367"}}, "metada'
                                               b'ta": {"file_name": "supercombo_lav2_metadata.pkl", "download_uri": {"url": "https://gitlab.com/sunny'
                                               b'pilot/public/docs.sunnypilot.ai5/-/raw/main/models/recompiled15/model-LAv2%20%28January%2024%2C%2020'
                                               b'24%29-138/supercombo_lav2_metadata.pkl", "sha256": "2152a3984f71d7d9acc876d7a3d219f7d676457dae8a2da9'
                                               b'3f7166b26201c22c"}}}]}, {"short_name": "CHV2", "display_name": "Certified Herbalist v2 (February 19,'
                                               b' 2024)", "is_20hz": false, "ref": "a4d53d378d4331dc7780e5e60845ea1731c48341", "environment": "releas'
                                               b'e", "runner": "tinygrad", "index": 1, "minimum_selector_version": "15", "generation": "3", "override'
                                               b's": {"folder": "Legacy Models", "lat": ".0", "long": ".0"}, "models": [{"type": "supercombo", "artif'
                                               b'act": {"file_name": "supercombo_chv2_tinygrad.pkl", "download_uri": {"url": "https://gitlab.com/sunn'
                                               b'ypilot/public/docs.sunnypilot.ai5/-/raw/main/models/recompiled15/model-Certified%20Herbalist%20v2%20'
                                               b'%28February%2019%2C%202024%29-578/supercombo_chv2_tinygrad.pkl", "sha256": "fa3440e619c4a67277af1b5c'
                                               b'60731b4cfd50efe7b6a8976af9521a9661c5d95a"}}, "metadata": {"file_name": "supercombo_chv2_metadata.pkl'
                                               b'", "download_uri": {"url": "https://gitlab.com/sunnypilot/public/docs.sunnypilot.ai5/-/raw/main/mode'
                                               b'ls/recompiled15/model-Certified%20Herbalist%20v2%20%28February%2019%2C%202024%29-578/supercombo_chv2'
                                               b'_metadata.pkl", "sha256": "2152a3984f71d7d9acc876d7a3d219f7d676457dae8a2da93f7166b26201c22c"}}}], "b'
                                               b'uild_time": "2026-02-15T20:57:35Z"}, {"short_name": "CHLR", "display_name": "Recertified Herbalist ('
                                               b'March 01, 2024)", "is_20hz": false, "ref": "063623602c9a3cefe70d2c661b40ef7a15f73d43", "environment"'
                                               b': "release", "runner": "tinygrad", "index": 2, "minimum_selector_version": "15", "generation": "3", '
                                               b'"overrides": {"folder": "Legacy Models", "lat": ".0", "long": ".0"}, "models": [{"type": "supercombo'
                                               b'", "artifact": {"file_name": "supercombo_rh_tinygrad.pkl", "download_uri": {"url": "https://gitlab.c'
                                               b'om/sunnypilot/public/docs.sunnypilot.ai5/-/raw/main/models/recompiled15/model-Recertified%20Herbalis'
                                               b't%20%28March%2001%2C%202024%29-579/supercombo_rh_tinygrad.pkl", "sha256": "edb4a758aec027788296264f5'
                                               b'ac63100da89878db756f12f190fd5a4e04fa02b"}}, "metadata": {"file_name": "supercombo_rh_metadata.pkl", '
                                               b'"download_uri": {"url": "https://gitlab.com/sunnypilot/public/docs.sunnypilot.ai5/-/raw/main/models/'
                                               b'recompiled15/model-Recertified%20Herbalist%20%28March%2001%2C%202024%29-579/supercombo_rh_metadata.p'
                                               b'kl", "sha256": "2152a3984f71d7d9acc876d7a3d219f7d676457dae8a2da93f7166b26201c22c"}}}], "build_time":'
                                               b' "2026-02-15T21:03:21Z"}, {"short_name": "DA", "display_name": "Duck Amigo (March 18, 2024)", "is_20'
                                               b'hz": false, "ref": "5f3960a3a7689903a4da5e80b7e70cf0056acad3", "environment": "release", "runner": "'
                                               b'tinygrad", "index": 3, "minimum_selector_version": "15", "generation": "3", "overrides": {"folder": '
                                               b'"Legacy Models", "lat": ".0", "long": ".0"}, "models": [{"type": "supercombo", "artifact": {"file_na'
                                               b'me": "supercombo_da_tinygrad.pkl", "download_uri": {"url": "https://gitlab.com/sunnypilot/public/doc'
                                               b's.sunnypilot.ai5/-/raw/main/models/recompiled15/model-Duck%20Amigo%20%28March%2018%2C%202024%29-576/'
                                               b'supercombo_da_tinygrad.pkl", "sha256": "6d6e75ffb6f1ae149d9ed821f636f0c14fd66ab2588a3f576f446dd63469'
                                               b'8bd8"}}, "metadata": {"file_name": "supercombo_da_metadata.pkl", "download_uri": {"url": "https://gi'
                                               b'tlab.com/sunnypilot/public/docs.sunnypilot.ai5/-/raw/main/models/recompiled15/model-Duck%20Amigo%20%'
                                               b'28March%2018%2C%202024%29-576/supercombo_da_metadata.pkl", "sha256": "2152a3984f71d7d9acc876d7a3d219'
                                               b'f7d676457dae8a2da93f7166b26201c22c"}}}], "build_time": "2026-02-15T17:42:32Z"}, {"short_name": "WD40'
                                               b'", "display_name": "WD40 (April 09, 2024)", "is_20hz": false, "ref": "9691393bde34efb8be6fccef497d6d'
                                               b'17758c209c", "environment": "release", "runner": "tinygrad", "index": 4, "minimum_selector_version":'
                                               b' "15", "generation": "4", "overrides": {"folder": "Legacy Models", "lat": ".0", "long": ".0"}, "mode'
                                               b'ls": [{"type": "supercombo", "artifact": {"file_name": "supercombo_wd40_tinygrad.pkl", "download_uri'
                                               b'": {"url": "https://gitlab.com/sunnypilot/public/docs.sunnypilot.ai5/-/raw/main/models/recompiled15/'
                                               b'model-WD40%20%28April%2009%2C%202024%29-580/supercombo_wd40_tinygrad.pkl", "sha256": "a163f5a2ae1ef3'
                                               b'91914847d140f9aace24df2965efd1293e62cf0c92c9c4a11a"}}, "metadata": {"file_name": "supercombo_wd40_me'
                                               b'tadata.pkl", "download_uri": {"url": "https://gitlab.com/sunnypilot/public/docs.sunnypilot.ai5/-/raw'
                                               b'/main/models/recompiled15/model-WD40%20%28April%2009%2C%202024%29-580/supercombo_wd40_metadata.pkl",'
                                               b' "sha256": "67e6b5b2e3ea6ce01687e98d2c8c1fb789af164549f0c61e980408c1ba6dc92f"}}}], "build_time": "20'
                                               b'26-02-15T21:07:41Z"}, {"short_name": "NDV2", "display_name": "North Dakota v2 (April 29, 2024)", "is'
                                               b'_20hz": false, "ref": "375978d40b976bf9e82ab74f267846a56b7656a6", "environment": "release", "runner"'
                                               b': "tinygrad", "index": 5, "minimum_selector_version": "15", "generation": "4", "overrides": {"folder'
                                               b'": "Legacy Models", "lat": ".0", "long": ".0"}, "models": [{"type": "supercombo", "artifact": {"file'
                                               b'_name": "supercombo_ndv2_tinygrad.pkl", "download_uri": {"url": "https://gitlab.com/sunnypilot/publi'
                                               b'c/docs.sunnypilot.ai5/-/raw/main/models/recompiled15/model-North%20Dakota%20v2%20%28April%2029%2C%20'
                                               b'2024%29-581/supercombo_ndv2_tinygrad.pkl", "sha256": "7258a6c2e54b083b5bca3014bfca405abc3a3218212490'
                                               b'167c0c325c26c73bbf"}}, "metadata": {"file_name": "supercombo_ndv2_metadata.pkl", "download_uri": {"u'
                                               b'rl": "https://gitlab.com/sunnypilot/public/docs.sunnypilot.ai5/-/raw/main/models/recompiled15/model-'
                                               b'North%20Dakota%20v2%20%28April%2029%2C%202024%29-581/supercombo_ndv2_metadata.pkl", "sha256": "67e6b'
                                               b'5b2e3ea6ce01687e98d2c8c1fb789af164549f0c61e980408c1ba6dc92f"}}}], "build_time": "2026-02-15T21:11:57'
                                               b'Z"}, {"short_name": "NDV3", "display_name": "Notre Dame (July 01, 2024)", "is_20hz": false, "ref": "'
                                               b'e0c89a36da8e6a06ab85c4e74c44f70dd910e1fe", "environment": "development", "runner": "tinygrad", "inde'
                                               b'x": 6, "minimum_selector_version": "15", "generation": "5", "overrides": {"folder": "Legacy Models",'
                                               b' "lat": ".0", "long": ".0"}, "models": [{"type": "supercombo", "artifact": {"file_name": "supercombo'
                                               b'_nd_tinygrad.pkl", "download_uri": {"url": "https://gitlab.com/sunnypilot/public/docs.sunnypilot.ai5'
                                               b'/-/raw/main/models/recompiled15/model-Notre%20Dame%20%28July%2001%2C%202024%29-582/supercombo_nd_tin'
                                               b'ygrad.pkl", "sha256": "f511d1b210b478b5e0702f116928e4df7ec0a0d4b5db89ce5215d11880ee088a"}}, "metadat'
                                               b'a": {"file_name": "supercombo_nd_metadata.pkl", "download_uri": {"url": "https://gitlab.com/sunnypil'
                                               b'ot/public/docs.sunnypilot.ai5/-/raw/main/models/recompiled15/model-Notre%20Dame%20%28July%2001%2C%20'
                                               b'2024%29-582/supercombo_nd_metadata.pkl", "sha256": "f86881d34d5b9c8080a51c7d76782f0037a379629edfd7ca'
                                               b'f6e5871c6f42f23a"}}}], "build_time": "2026-02-15T21:16:14Z"}, {"short_name": "FOF", "display_name": '
                                               b'"Filet o Fish (March 07, 2025)", "is_20hz": true, "ref": "d807b5c476658dba7760d30949baa619074c4a4e",'
                                               b' "environment": "release", "runner": "tinygrad", "index": 7, "minimum_selector_version": "14", "gene'
                                               b'ration": "10", "build_time": "2026-02-12T20:52:31Z", "overrides": {"folder": "Release Models", "lat"'
                                               b': ".0", "long": ".0"}, "models": [{"type": "vision", "artifact": {"file_name": "driving_vision_fof_t'
                                               b'inygrad.pkl", "download_uri": {"url": "https://gitlab.com/sunnypilot/public/docs.sunnypilot.ai5/-/ra'
                                               b'w/main/models/recompiled14/model-Filet%20o%20Fish%20%28March%2007%2C%202025%29-101/driving_vision_fo'
                                               b'f_tinygrad.pkl", "sha256": "ce13ea9c101725e5baa205354fecbc9777b0ee27141ceec69e4a31fe98cb8155"}}, "me'
                                               b'tadata": {"file_name": "driving_vision_fof_metadata.pkl", "download_uri": {"url": "https://gitlab.co'
                                               b'm/sunnypilot/public/docs.sunnypilot.ai5/-/raw/main/models/recompiled14/model-Filet%20o%20Fish%20%28M'
                                               b'arch%2007%2C%202025%29-101/driving_vision_fof_metadata.pkl", "sha256": "9378177d95c001f0a754a8025b06'
                                               b'931af4773dcbd0d6f7cdb10198d8a3633fbc"}}}, {"type": "policy", "artifact": {"file_name": "driving_poli'
                                               b'cy_fof_tinygrad.pkl", "download_uri": {"url": "https://gitlab.com/sunnypilot/public/docs.sunnypilot.'
                                               b'ai5/-/raw/main/models/recompiled14/model-Filet%20o%20Fish%20%28March%2007%2C%202025%29-101/driving_p'
                                               b'olicy_fof_tinygrad.pkl", "sha256": "fe0f7aa72dfdc023cf8603226b544562c964917863bc32ef2d1c5c8cb7320eff'
                                               b'"}}, "metadata": {"file_name": "driving_policy_fof_metadata.pkl", "download_uri": {"url": "https://g'
                                               b'itlab.com/sunnypilot/public/docs.sunnypilot.ai5/-/raw/main/models/recompiled14/model-Filet%20o%20Fis'
                                               b'h%20%28March%2007%2C%202025%29-101/driving_policy_fof_metadata.pkl", "sha256": "6ef65f96fb93a050fdd7'
                                               b'649c22e4b0e197aa73bb6a26f0fd2f437f6a40905585"}}}]}, {"short_name": "SP-VIKANDER", "display_name": "S'
                                               b'P Vikander Model (May 03, 2025)", "is_20hz": true, "ref": "d134fdd7d51ba84848866c0265e37508c38f9366"'
                                               b', "environment": "development", "runner": "tinygrad", "index": 8, "minimum_selector_version": "14", '
                                               b'"generation": "11", "build_time": "2026-02-12T22:31:18Z", "overrides": {"folder": "Custom Merge Mode'
                                               b'ls", "lat": ".2", "long": ".3"}, "models": [{"type": "vision", "artifact": {"file_name": "driving_vi'
                                               b'sion_spvm_tinygrad.pkl", "download_uri": {"url": "https://gitlab.com/sunnypilot/public/docs.sunnypil'
                                               b'ot.ai5/-/raw/main/models/recompiled14/model-SP%20Vikander%20Model%20%28May%2003%2C%202025%29-101/dri'
                                               b'ving_vision_spvm_tinygrad.pkl", "sha256": "8864b91c59646e9b5a795e20279f7123b3de70117e37d420cfdf5fd68'
                                               b'17981ff"}}, "metadata": {"file_name": "driving_vision_spvm_metadata.pkl", "download_uri": {"url": "h'
                                               b'ttps://gitlab.com/sunnypilot/public/docs.sunnypilot.ai5/-/raw/main/models/recompiled14/model-SP%20Vi'
                                               b'kander%20Model%20%28May%2003%2C%202025%29-101/driving_vision_spvm_metadata.pkl", "sha256": "6cbd167c'
                                               b'1c1d80a7b73687518d91292d7f2c2e63bae76af171ee6c7dea477261"}}}, {"type": "policy", "artifact": {"file_'
                                               b'name": "driving_policy_spvm_tinygrad.pkl", "download_uri": {"url": "https://gitlab.com/sunnypilot/pu'
                                               b'blic/docs.sunnypilot.ai5/-/raw/main/models/recompiled14/model-SP%20Vikander%20Model%20%28May%2003%2C'
                                               b'%202025%29-101/driving_policy_spvm_tinygrad.pkl", "sha256": "128ffab31cca7a9278f24bafcb90976c0d9f2fe'
                                               b'f21cdf26c246be255b7e841ac"}}, "metadata": {"file_name": "driving_policy_spvm_metadata.pkl", "downloa'
                                               b'd_uri": {"url": "https://gitlab.com/sunnypilot/public/docs.sunnypilot.ai5/-/raw/main/models/recompil'
                                               b'ed14/model-SP%20Vikander%20Model%20%28May%2003%2C%202025%29-101/driving_policy_spvm_metadata.pkl", "'
                                               b'sha256": "78ecc6e41d1da5b822d2fb5d143bfdf936ee7e07d7a8f16d4d7670f4ad343fc4"}}}]}, {"short_name": "TR'
                                               b'7", "display_name": "Tomb Raider 7 (May 07, 2025)", "is_20hz": true, "ref": "0fb4aafa35896e831bd58a6'
                                               b'36a9a1bb4a1442743", "environment": "development", "runner": "tinygrad", "index": 9, "minimum_selecto'
                                               b'r_version": "14", "generation": "11", "build_time": "2026-02-12T22:54:27Z", "overrides": {"folder": '
                                               b'"2025 Pre World Models", "lat": ".1", "long": ".3"}, "models": [{"type": "vision", "artifact": {"fil'
                                               b'e_name": "driving_vision_tr7_tinygrad.pkl", "download_uri": {"url": "https://gitlab.com/sunnypilot/p'
                                               b'ublic/docs.sunnypilot.ai5/-/raw/main/models/recompiled14/model-Tomb%20Raider%207%20%28May%2007%2C%20'
                                               b'2025%29-101/driving_vision_tr7_tinygrad.pkl", "sha256": "fda0d38c7009048d7fd9c310342740aba846cf48a51'
                                               b'4102abee854d027bdae3c"}}, "metadata": {"file_name": "driving_vision_tr7_metadata.pkl", "download_uri'
                                               b'": {"url": "https://gitlab.com/sunnypilot/public/docs.sunnypilot.ai5/-/raw/main/models/recompiled14/'
                                               b'model-Tomb%20Raider%207%20%28May%2007%2C%202025%29-101/driving_vision_tr7_metadata.pkl", "sha256": "'
                                               b'6cbd167c1c1d80a7b73687518d91292d7f2c2e63bae76af171ee6c7dea477261"}}}, {"type": "policy", "artifact":'
                                               b' {"file_name": "driving_policy_tr7_tinygrad.pkl", "download_uri": {"url": "https://gitlab.com/sunnyp'
                                               b'ilot/public/docs.sunnypilot.ai5/-/raw/main/models/recompiled14/model-Tomb%20Raider%207%20%28May%2007'
                                               b'%2C%202025%29-101/driving_policy_tr7_tinygrad.pkl", "sha256": "4b51506a3ae6b128fce05ddd2dafe1155184e'
                                               b'71599ab3dca9d3fa5c902f4c3dc"}}, "metadata": {"file_name": "driving_policy_tr7_metadata.pkl", "downlo'
                                               b'ad_uri": {"url": "https://gitlab.com/sunnypilot/public/docs.sunnypilot.ai5/-/raw/main/models/recompi'
                                               b'led14/model-Tomb%20Raider%207%20%28May%2007%2C%202025%29-101/driving_policy_tr7_metadata.pkl", "sha2'
                                               b'56": "b966eadc55529e449c684e0dc1c21daa4461c8a5c106ba57b7e4a6d8627c2906"}}}]}, {"short_name": "SGO", '
                                               b'"display_name": "Secret Good Openpilot (May 16, 2025)", "is_20hz": true, "ref": "80a636e4952633886c6'
                                               b'5973d3323e58ec87ed320", "environment": "development", "runner": "tinygrad", "index": 10, "minimum_se'
                                               b'lector_version": "14", "generation": "11", "build_time": "2026-02-12T20:43:09Z", "overrides": {"fold'
                                               b'er": "2025 Pre World Models", "lat": ".1", "long": ".3"}, "models": [{"type": "vision", "artifact": '
                                               b'{"file_name": "driving_vision_sgo_tinygrad.pkl", "download_uri": {"url": "https://gitlab.com/sunnypi'
                                               b'lot/public/docs.sunnypilot.ai5/-/raw/main/models/recompiled14/model-Secret%20Good%20Openpilot%20%28M'
                                               b'ay%2016%2C%202025%29-101/driving_vision_sgo_tinygrad.pkl", "sha256": "d377df8d9b0cc0bab7f1c58c72fb54'
                                               b'476ebf63de0498bed2b7ebf4948eec2309"}}, "metadata": {"file_name": "driving_vision_sgo_metadata.pkl", '
                                               b'"download_uri": {"url": "https://gitlab.com/sunnypilot/public/docs.sunnypilot.ai5/-/raw/main/models/'
                                               b'recompiled14/model-Secret%20Good%20Openpilot%20%28May%2016%2C%202025%29-101/driving_vision_sgo_metad'
                                               b'ata.pkl", "sha256": "6cbd167c1c1d80a7b73687518d91292d7f2c2e63bae76af171ee6c7dea477261"}}}, {"type": '
                                               b'"policy", "artifact": {"file_name": "driving_policy_sgo_tinygrad.pkl", "download_uri": {"url": "http'
                                               b's://gitlab.com/sunnypilot/public/docs.sunnypilot.ai5/-/raw/main/models/recompiled14/model-Secret%20G'
                                               b'ood%20Openpilot%20%28May%2016%2C%202025%29-101/driving_policy_sgo_tinygrad.pkl", "sha256": "ba9372f8'
                                               b'1fa8a4c96fa256f66422184884cf0709a18b644478fa04449b2118db"}}, "metadata": {"file_name": "driving_poli'
                                               b'cy_sgo_metadata.pkl", "download_uri": {"url": "https://gitlab.com/sunnypilot/public/docs.sunnypilot.'
                                               b'ai5/-/raw/main/models/recompiled14/model-Secret%20Good%20Openpilot%20%28May%2016%2C%202025%29-101/dr'
                                               b'iving_policy_sgo_metadata.pkl", "sha256": "f2e3c6ca9b26f4e47c81e615431b335223be3a64de834f82943e513cf'
                                               b'03472e8"}}}]}, {"short_name": "KD", "display_name": "Kerrygold Driving (June 08, 2025)", "is_20hz": '
                                               b'true, "ref": "dc7a92ea630e4f6053082fc25eca83938927b91e", "environment": "development", "runner": "ti'
                                               b'nygrad", "index": 11, "minimum_selector_version": "14", "generation": "10", "build_time": "2026-02-1'
                                               b'2T22:02:59Z", "overrides": {"folder": "2025 Pre World Models", "lat": ".0", "long": ".0"}, "models":'
                                               b' [{"type": "vision", "artifact": {"file_name": "driving_vision_kd_tinygrad.pkl", "download_uri": {"u'
                                               b'rl": "https://gitlab.com/sunnypilot/public/docs.sunnypilot.ai5/-/raw/main/models/recompiled14/model-'
                                               b'Kerrygold%20Driving%20%28June%2008%2C%202025%29-101/driving_vision_kd_tinygrad.pkl", "sha256": "7079'
                                               b'b0c4af2dfe3a114076765e7617188abf200a67049521feb6b40bc259b664"}}, "metadata": {"file_name": "driving_'
                                               b'vision_kd_metadata.pkl", "download_uri": {"url": "https://gitlab.com/sunnypilot/public/docs.sunnypil'
                                               b'ot.ai5/-/raw/main/models/recompiled14/model-Kerrygold%20Driving%20%28June%2008%2C%202025%29-101/driv'
                                               b'ing_vision_kd_metadata.pkl", "sha256": "7aa3f93ec13cc655827f93541266c63e53a88ec834c076dd177e904c6b5e'
                                               b'8ded"}}}, {"type": "policy", "artifact": {"file_name": "driving_policy_kd_tinygrad.pkl", "download_u'
                                               b'ri": {"url": "https://gitlab.com/sunnypilot/public/docs.sunnypilot.ai5/-/raw/main/models/recompiled1'
                                               b'4/model-Kerrygold%20Driving%20%28June%2008%2C%202025%29-101/driving_policy_kd_tinygrad.pkl", "sha256'
                                               b'": "afe461ce9348d620e0d4012959ea7676452bc01e5164ce51145a723adcec5713"}}, "metadata": {"file_name": "'
                                               b'driving_policy_kd_metadata.pkl", "download_uri": {"url": "https://gitlab.com/sunnypilot/public/docs.'
                                               b'sunnypilot.ai5/-/raw/main/models/recompiled14/model-Kerrygold%20Driving%20%28June%2008%2C%202025%29-'
                                               b'101/driving_policy_kd_metadata.pkl", "sha256": "ebbf3a9ebf811fbb4fdf88c91ac9642ce8324a74f70624c65e7c'
                                               b'a28b0fa02db3"}}}]}, {"short_name": "LD", "display_name": "Liquid Crystal Driving (June 21, 2025)", "'
                                               b'is_20hz": true, "ref": "b55af0de7fecdb4af073c01b77b04b8306a4e92d", "environment": "development", "ru'
                                               b'nner": "tinygrad", "index": 12, "minimum_selector_version": "14", "generation": "10", "build_time": '
                                               b'"2026-02-12T19:29:22Z", "overrides": {"folder": "2025 Pre World Models", "lat": ".0", "long": ".0"},'
                                               b' "models": [{"type": "vision", "artifact": {"file_name": "driving_vision_lcd_tinygrad.pkl", "downloa'
                                               b'd_uri": {"url": "https://gitlab.com/sunnypilot/public/docs.sunnypilot.ai5/-/raw/main/models/recompil'
                                               b'ed14/model-Liquid%20Crystal%20Driving%20%28June%2021%2C%202025%29-101/driving_vision_lcd_tinygrad.pk'
                                               b'l", "sha256": "6aa6285e5550f02b465a21126770f1665b5e3e059a78a448b4e1888937f64be6"}}, "metadata": {"fi'
                                               b'le_name": "driving_vision_lcd_metadata.pkl", "download_uri": {"url": "https://gitlab.com/sunnypilot/'
                                               b'public/docs.sunnypilot.ai5/-/raw/main/models/recompiled14/model-Liquid%20Crystal%20Driving%20%28June'
                                               b'%2021%2C%202025%29-101/driving_vision_lcd_metadata.pkl", "sha256": "cfa876ccc22d81512bbecba2a91e4308'
                                               b'28c853feada4599cda8f3fb5d1ba3e9c"}}}, {"type": "policy", "artifact": {"file_name": "driving_policy_l'
                                               b'cd_tinygrad.pkl", "download_uri": {"url": "https://gitlab.com/sunnypilot/public/docs.sunnypilot.ai5/'
                                               b'-/raw/main/models/recompiled14/model-Liquid%20Crystal%20Driving%20%28June%2021%2C%202025%29-101/driv'
                                               b'ing_policy_lcd_tinygrad.pkl", "sha256": "bcb51a4618950c862412370c56b22fdfee10358706e45f0848e417dd9a4'
                                               b'1d1d4"}}, "metadata": {"file_name": "driving_policy_lcd_metadata.pkl", "download_uri": {"url": "http'
                                               b's://gitlab.com/sunnypilot/public/docs.sunnypilot.ai5/-/raw/main/models/recompiled14/model-Liquid%20C'
                                               b'rystal%20Driving%20%28June%2021%2C%202025%29-101/driving_policy_lcd_metadata.pkl", "sha256": "65a970'
                                               b'81f7aedcebf3a2e083d316631863253d44ab854c8c0938300845c05ef2"}}}]}, {"short_name": "VFOF", "display_na'
                                               b'me": "Vegetarian Filet o Fish (June 21, 2025)", "is_20hz": true, "ref": "c790d3f58ad32cf15f384e6018d'
                                               b'942b2348f0c5b", "environment": "development", "runner": "tinygrad", "index": 13, "minimum_selector_v'
                                               b'ersion": "14", "generation": "10", "build_time": "2026-02-12T19:25:07Z", "overrides": {"folder": "20'
                                               b'25 Pre World Models", "lat": ".0", "long": ".0"}, "models": [{"type": "vision", "artifact": {"file_n'
                                               b'ame": "driving_vision_vfof_tinygrad.pkl", "download_uri": {"url": "https://gitlab.com/sunnypilot/pub'
                                               b'lic/docs.sunnypilot.ai5/-/raw/main/models/recompiled14/model-Vegetarian%20Filet%20o%20Fish%20%28June'
                                               b'%2021%2C%202025%29-101/driving_vision_vfof_tinygrad.pkl", "sha256": "35024f269c0bca2f06a9d56556587e9'
                                               b'a46db7a6ed6735c93434396e0ec89702e"}}, "metadata": {"file_name": "driving_vision_vfof_metadata.pkl", '
                                               b'"download_uri": {"url": "https://gitlab.com/sunnypilot/public/docs.sunnypilot.ai5/-/raw/main/models/'
                                               b'recompiled14/model-Vegetarian%20Filet%20o%20Fish%20%28June%2021%2C%202025%29-101/driving_vision_vfof'
                                               b'_metadata.pkl", "sha256": "cfa876ccc22d81512bbecba2a91e430828c853feada4599cda8f3fb5d1ba3e9c"}}}, {"t'
                                               b'ype": "policy", "artifact": {"file_name": "driving_policy_vfof_tinygrad.pkl", "download_uri": {"url"'
                                               b': "https://gitlab.com/sunnypilot/public/docs.sunnypilot.ai5/-/raw/main/models/recompiled14/model-Veg'
                                               b'etarian%20Filet%20o%20Fish%20%28June%2021%2C%202025%29-101/driving_policy_vfof_tinygrad.pkl", "sha25'
                                               b'6": "709e6c2ba5f9770cf89b673139d89cd206d102c9aded8d11ab7dbf3f2dfa9a56"}}, "metadata": {"file_name": '
                                               b'"driving_policy_vfof_metadata.pkl", "download_uri": {"url": "https://gitlab.com/sunnypilot/public/do'
                                               b'cs.sunnypilot.ai5/-/raw/main/models/recompiled14/model-Vegetarian%20Filet%20o%20Fish%20%28June%2021%'
                                               b'2C%202025%29-101/driving_policy_vfof_metadata.pkl", "sha256": "fd3a516bb2ac572c53b0d60693898b020e7df'
                                               b'77f255028bf1ee1dca7c1bf73dc"}}}]}, {"short_name": "TR13", "display_name": "Tomb Raider 13 (June 27, '
                                               b'2025)", "is_20hz": true, "ref": "eceeaabcebcf58716ae4a018930793d89c96777b", "environment": "developm'
                                               b'ent", "runner": "tinygrad", "index": 14, "minimum_selector_version": "14", "generation": "11", "buil'
                                               b'd_time": "2026-02-12T22:17:38Z", "overrides": {"folder": "2025 Pre World Models", "lat": ".1", "long'
                                               b'": ".3"}, "models": [{"type": "policy", "artifact": {"file_name": "driving_policy_tr13_tinygrad.pkl"'
                                               b', "download_uri": {"url": "https://gitlab.com/sunnypilot/public/docs.sunnypilot.ai5/-/raw/main/model'
                                               b's/recompiled14/model-Tomb%20Raider%2013%20%28June%2027%2C%202025%29-101/driving_policy_tr13_tinygrad'
                                               b'.pkl", "sha256": "4edf5c08873fcc05b05c826dac3e222353b2326535eca0e74e40ef2627cc5e00"}}, "metadata": {'
                                               b'"file_name": "driving_policy_tr13_metadata.pkl", "download_uri": {"url": "https://gitlab.com/sunnypi'
                                               b'lot/public/docs.sunnypilot.ai5/-/raw/main/models/recompiled14/model-Tomb%20Raider%2013%20%28June%202'
                                               b'7%2C%202025%29-101/driving_policy_tr13_metadata.pkl", "sha256": "55cef49b910f22163f95dab47525ebaaddc'
                                               b'9e1cd51f2d8a82f781fdfd9a3d69f"}}}, {"type": "vision", "artifact": {"file_name": "driving_vision_tr13'
                                               b'_tinygrad.pkl", "download_uri": {"url": "https://gitlab.com/sunnypilot/public/docs.sunnypilot.ai5/-/'
                                               b'raw/main/models/recompiled14/model-Tomb%20Raider%2013%20%28June%2027%2C%202025%29-101/driving_vision'
                                               b'_tr13_tinygrad.pkl", "sha256": "7ae91bb5e69d4095a7b7902ee3ecf9267f65087cc24d6752acb120fd53ea9c6e"}},'
                                               b' "metadata": {"file_name": "driving_vision_tr13_metadata.pkl", "download_uri": {"url": "https://gitl'
                                               b'ab.com/sunnypilot/public/docs.sunnypilot.ai5/-/raw/main/models/recompiled14/model-Tomb%20Raider%2013'
                                               b'%20%28June%2027%2C%202025%29-101/driving_vision_tr13_metadata.pkl", "sha256": "4ac79339651fe5d1e1cfe'
                                               b'4c9ff51402d87ab37746bfad41cc3f714cef4d845e4"}}}]}, {"short_name": "AT", "display_name": "Aggressive '
                                               b'TR (June 28, 2025)", "is_20hz": true, "ref": "d54a5888cf6165b30e4bdda514ab9057473cd7f8", "environmen'
                                               b't": "development", "runner": "tinygrad", "index": 15, "minimum_selector_version": "14", "generation"'
                                               b': "11", "build_time": "2026-02-12T20:04:33Z", "overrides": {"folder": "2025 Pre World Models", "lat"'
                                               b': ".1", "long": ".3"}, "models": [{"type": "policy", "artifact": {"file_name": "driving_policy_atr_t'
                                               b'inygrad.pkl", "download_uri": {"url": "https://gitlab.com/sunnypilot/public/docs.sunnypilot.ai5/-/ra'
                                               b'w/main/models/recompiled14/model-Aggressive%20TR%20%28June%2028%2C%202025%29-101/driving_policy_atr_'
                                               b'tinygrad.pkl", "sha256": "c7ba989bd76a3dc3406d075a7c20f93ef94a0e4b37d178e1f976f4dfaeb53541"}}, "meta'
                                               b'data": {"file_name": "driving_policy_atr_metadata.pkl", "download_uri": {"url": "https://gitlab.com/'
                                               b'sunnypilot/public/docs.sunnypilot.ai5/-/raw/main/models/recompiled14/model-Aggressive%20TR%20%28June'
                                               b'%2028%2C%202025%29-101/driving_policy_atr_metadata.pkl", "sha256": "67ecdf1c8c34b986fcb45a2297397a26'
                                               b'447972c9d22e593e0ae3df155c3e12a5"}}}, {"type": "vision", "artifact": {"file_name": "driving_vision_a'
                                               b'tr_tinygrad.pkl", "download_uri": {"url": "https://gitlab.com/sunnypilot/public/docs.sunnypilot.ai5/'
                                               b'-/raw/main/models/recompiled14/model-Aggressive%20TR%20%28June%2028%2C%202025%29-101/driving_vision_'
                                               b'atr_tinygrad.pkl", "sha256": "0f096eab76f12b4465ff486682f20cec4653636c68a0cd2a6266634479f87c9e"}}, "'
                                               b'metadata": {"file_name": "driving_vision_atr_metadata.pkl", "download_uri": {"url": "https://gitlab.'
                                               b'com/sunnypilot/public/docs.sunnypilot.ai5/-/raw/main/models/recompiled14/model-Aggressive%20TR%20%28'
                                               b'June%2028%2C%202025%29-101/driving_vision_atr_metadata.pkl", "sha256": "4ac79339651fe5d1e1cfe4c9ff51'
                                               b'402d87ab37746bfad41cc3f714cef4d845e4"}}}]}, {"short_name": "TR14", "display_name": "Tomb Raider 14 ('
                                               b'June 30, 2025)", "is_20hz": true, "ref": "194cdbcebf2d47011d2edbf39a4ae492aa1aa338", "environment": '
                                               b'"development", "runner": "tinygrad", "index": 16, "minimum_selector_version": "14", "generation": "1'
                                               b'1", "build_time": "2026-02-12T22:22:00Z", "overrides": {"folder": "2025 Pre World Models", "lat": ".'
                                               b'1", "long": ".3"}, "models": [{"type": "policy", "artifact": {"file_name": "driving_policy_tr14_tiny'
                                               b'grad.pkl", "download_uri": {"url": "https://gitlab.com/sunnypilot/public/docs.sunnypilot.ai5/-/raw/m'
                                               b'ain/models/recompiled14/model-Tomb%20Raider%2014%20%28June%2030%2C%202025%29-101/driving_policy_tr14'
                                               b'_tinygrad.pkl", "sha256": "f319c30d4cea4bb23bb89f6cff35b7836ce06d5d233be98bf30aa00dd62ecce8"}}, "met'
                                               b'adata": {"file_name": "driving_policy_tr14_metadata.pkl", "download_uri": {"url": "https://gitlab.co'
                                               b'm/sunnypilot/public/docs.sunnypilot.ai5/-/raw/main/models/recompiled14/model-Tomb%20Raider%2014%20%2'
                                               b'8June%2030%2C%202025%29-101/driving_policy_tr14_metadata.pkl", "sha256": "899712e7e2e6da9a34e10c1af8'
                                               b'dc92b2c035473198e5c1ff78620a1d03f250e9"}}}, {"type": "vision", "artifact": {"file_name": "driving_vi'
                                               b'sion_tr14_tinygrad.pkl", "download_uri": {"url": "https://gitlab.com/sunnypilot/public/docs.sunnypil'
                                               b'ot.ai5/-/raw/main/models/recompiled14/model-Tomb%20Raider%2014%20%28June%2030%2C%202025%29-101/drivi'
                                               b'ng_vision_tr14_tinygrad.pkl", "sha256": "29cc1bb95e59d2cdf39ae4e65cd1b5b32a0359c6fcb8fc7f1977680321f'
                                               b'7e8f2"}}, "metadata": {"file_name": "driving_vision_tr14_metadata.pkl", "download_uri": {"url": "htt'
                                               b'ps://gitlab.com/sunnypilot/public/docs.sunnypilot.ai5/-/raw/main/models/recompiled14/model-Tomb%20Ra'
                                               b'ider%2014%20%28June%2030%2C%202025%29-101/driving_vision_tr14_metadata.pkl", "sha256": "4ac79339651f'
                                               b'e5d1e1cfe4c9ff51402d87ab37746bfad41cc3f714cef4d845e4"}}}]}, {"short_name": "SPD", "display_name": "S'
                                               b'imple Plan Driving (July 07, 2025)", "is_20hz": true, "ref": "f523f104eafc49dccb447aea4f7c3f666ef562'
                                               b'6c", "environment": "development", "runner": "tinygrad", "index": 17, "minimum_selector_version": "1'
                                               b'4", "generation": "12", "build_time": "2026-02-12T21:26:53Z", "overrides": {"folder": "2025 Pre Worl'
                                               b'd Models", "lat": ".1", "long": ".3"}, "models": [{"type": "policy", "artifact": {"file_name": "driv'
                                               b'ing_policy_spd_tinygrad.pkl", "download_uri": {"url": "https://gitlab.com/sunnypilot/public/docs.sun'
                                               b'nypilot.ai5/-/raw/main/models/recompiled14/model-Simple%20Plan%20Driving%20%28July%2007%2C%202025%29'
                                               b'-101/driving_policy_spd_tinygrad.pkl", "sha256": "778c66a15f6d09a64f47bc91f15010283aa20b211e2108f0bf'
                                               b'699d4fa3a85a67"}}, "metadata": {"file_name": "driving_policy_spd_metadata.pkl", "download_uri": {"ur'
                                               b'l": "https://gitlab.com/sunnypilot/public/docs.sunnypilot.ai5/-/raw/main/models/recompiled14/model-S'
                                               b'imple%20Plan%20Driving%20%28July%2007%2C%202025%29-101/driving_policy_spd_metadata.pkl", "sha256": "'
                                               b'9368c20af0f1ef130c4465af1f988036814f45e024bc5447a3f552ab108b485d"}}}, {"type": "vision", "artifact":'
                                               b' {"file_name": "driving_vision_spd_tinygrad.pkl", "download_uri": {"url": "https://gitlab.com/sunnyp'
                                               b'ilot/public/docs.sunnypilot.ai5/-/raw/main/models/recompiled14/model-Simple%20Plan%20Driving%20%28Ju'
                                               b'ly%2007%2C%202025%29-101/driving_vision_spd_tinygrad.pkl", "sha256": "fd8f08d311d54c575fea9b506b35f7'
                                               b'68ddd84274ad84b0693eefb3fe6603ca35"}}, "metadata": {"file_name": "driving_vision_spd_metadata.pkl", '
                                               b'"download_uri": {"url": "https://gitlab.com/sunnypilot/public/docs.sunnypilot.ai5/-/raw/main/models/'
                                               b'recompiled14/model-Simple%20Plan%20Driving%20%28July%2007%2C%202025%29-101/driving_vision_spd_metada'
                                               b'ta.pkl", "sha256": "046025a8a34d2eb9be88d7961f46038e10d19c96a57bbd9ae430f82deddee8ff"}}}]}, {"short_'
                                               b'name": "DTRV5", "display_name": "Down to Ride v5 (July 08, 2025)", "is_20hz": true, "ref": "5b405920'
                                               b'ec9511e146432de08171d6f93295248b", "environment": "development", "runner": "tinygrad", "index": 18, '
                                               b'"minimum_selector_version": "14", "generation": "11", "build_time": "2026-02-12T21:05:26Z", "overrid'
                                               b'es": {"folder": "2025 Pre World Models", "lat": ".1", "long": ".3"}, "models": [{"type": "policy", "'
                                               b'artifact": {"file_name": "driving_policy_dtrv5_tinygrad.pkl", "download_uri": {"url": "https://gitla'
                                               b'b.com/sunnypilot/public/docs.sunnypilot.ai5/-/raw/main/models/recompiled14/model-Down%20to%20Ride%20'
                                               b'v5%20%28July%2008%2C%202025%29-101/driving_policy_dtrv5_tinygrad.pkl", "sha256": "5d4b1862e6c82dc1f9'
                                               b'87fdd7eafdd69b6706e55b27b3a5b8010420e283b7a5a6"}}, "metadata": {"file_name": "driving_policy_dtrv5_m'
                                               b'etadata.pkl", "download_uri": {"url": "https://gitlab.com/sunnypilot/public/docs.sunnypilot.ai5/-/ra'
                                               b'w/main/models/recompiled14/model-Down%20to%20Ride%20v5%20%28July%2008%2C%202025%29-101/driving_polic'
                                               b'y_dtrv5_metadata.pkl", "sha256": "a06d2431e0534df80266493f590bdba283d75dacc4ec1e25513eaca3b6108dc8"}'
                                               b'}}, {"type": "vision", "artifact": {"file_name": "driving_vision_dtrv5_tinygrad.pkl", "download_uri"'
                                               b': {"url": "https://gitlab.com/sunnypilot/public/docs.sunnypilot.ai5/-/raw/main/models/recompiled14/m'
                                               b'odel-Down%20to%20Ride%20v5%20%28July%2008%2C%202025%29-101/driving_vision_dtrv5_tinygrad.pkl", "sha2'
                                               b'56": "77daf861c8fbb706773de29ac0ade22d19a362fdc0a51f410ae261d876fa6357"}}, "metadata": {"file_name":'
                                               b' "driving_vision_dtrv5_metadata.pkl", "download_uri": {"url": "https://gitlab.com/sunnypilot/public/'
                                               b'docs.sunnypilot.ai5/-/raw/main/models/recompiled14/model-Down%20to%20Ride%20v5%20%28July%2008%2C%202'
                                               b'025%29-101/driving_vision_dtrv5_metadata.pkl", "sha256": "4ac79339651fe5d1e1cfe4c9ff51402d87ab37746b'
                                               b'fad41cc3f714cef4d845e4"}}}]}, {"short_name": "TR15", "display_name": "Tomb Raider 15 (July 11, 2025)'
                                               b'", "is_20hz": true, "ref": "ed38ca8cc998f0a2b47cde29da11b782e4551e8b", "environment": "development",'
                                               b' "runner": "tinygrad", "index": 19, "minimum_selector_version": "14", "generation": "11", "build_tim'
                                               b'e": "2026-02-12T20:30:17Z", "overrides": {"folder": "2025 Pre World Models", "lat": ".1", "long": ".'
                                               b'3"}, "models": [{"type": "policy", "artifact": {"file_name": "driving_policy_tr15_tinygrad.pkl", "do'
                                               b'wnload_uri": {"url": "https://gitlab.com/sunnypilot/public/docs.sunnypilot.ai5/-/raw/main/models/rec'
                                               b'ompiled14/model-Tomb%20Raider%2015%20%28July%2011%2C%202025%29-101/driving_policy_tr15_tinygrad.pkl"'
                                               b', "sha256": "f06a8a7118012b7f86cd53daf2dc8ad4bcdb38c5f98abd73f1a84b2d2fd50de5"}}, "metadata": {"file'
                                               b'_name": "driving_policy_tr15_metadata.pkl", "download_uri": {"url": "https://gitlab.com/sunnypilot/p'
                                               b'ublic/docs.sunnypilot.ai5/-/raw/main/models/recompiled14/model-Tomb%20Raider%2015%20%28July%2011%2C%'
                                               b'202025%29-101/driving_policy_tr15_metadata.pkl", "sha256": "284578787a583f02c091968633a2a6d04597133f'
                                               b'a52c1651648fcdfd9f187096"}}}, {"type": "vision", "artifact": {"file_name": "driving_vision_tr15_tiny'
                                               b'grad.pkl", "download_uri": {"url": "https://gitlab.com/sunnypilot/public/docs.sunnypilot.ai5/-/raw/m'
                                               b'ain/models/recompiled14/model-Tomb%20Raider%2015%20%28July%2011%2C%202025%29-101/driving_vision_tr15'
                                               b'_tinygrad.pkl", "sha256": "b76569b4933dedc0d45c4ad34dd2c40fc41760162a1d43a784d48d4e68ab9dcd"}}, "met'
                                               b'adata": {"file_name": "driving_vision_tr15_metadata.pkl", "download_uri": {"url": "https://gitlab.co'
                                               b'm/sunnypilot/public/docs.sunnypilot.ai5/-/raw/main/models/recompiled14/model-Tomb%20Raider%2015%20%2'
                                               b'8July%2011%2C%202025%29-101/driving_vision_tr15_metadata.pkl", "sha256": "4ac79339651fe5d1e1cfe4c9ff'
                                               b'51402d87ab37746bfad41cc3f714cef4d845e4"}}}]}, {"short_name": "LTR14", "display_name": "Le Tomb Raide'
                                               b'r 14 (July 14, 2025)", "is_20hz": true, "ref": "c2fa07b82c2e09964e4b6dccb3e4465a2e4ad138", "environm'
                                               b'ent": "development", "runner": "tinygrad", "index": 20, "minimum_selector_version": "14", "generatio'
                                               b'n": "11", "build_time": "2026-02-12T22:50:08Z", "overrides": {"folder": "2025 Pre World Models", "la'
                                               b't": ".1", "long": ".3"}, "models": [{"type": "policy", "artifact": {"file_name": "driving_policy_ltr'
                                               b'14_tinygrad.pkl", "download_uri": {"url": "https://gitlab.com/sunnypilot/public/docs.sunnypilot.ai5/'
                                               b'-/raw/main/models/recompiled14/model-Le%20Tomb%20Raider%2014%20%28July%2014%2C%202025%29-101/driving'
                                               b'_policy_ltr14_tinygrad.pkl", "sha256": "35be9d01930640b3807cef9d77f0c0871b6b2bd15026af2ac7644700ee07'
                                               b'4c52"}}, "metadata": {"file_name": "driving_policy_ltr14_metadata.pkl", "download_uri": {"url": "htt'
                                               b'ps://gitlab.com/sunnypilot/public/docs.sunnypilot.ai5/-/raw/main/models/recompiled14/model-Le%20Tomb'
                                               b'%20Raider%2014%20%28July%2014%2C%202025%29-101/driving_policy_ltr14_metadata.pkl", "sha256": "2e2cd1'
                                               b'c0d0d29bda12ecefadabd16a9478939090e02caa6b8cdee9aff6b3cc71"}}}, {"type": "vision", "artifact": {"fil'
                                               b'e_name": "driving_vision_ltr14_tinygrad.pkl", "download_uri": {"url": "https://gitlab.com/sunnypilot'
                                               b'/public/docs.sunnypilot.ai5/-/raw/main/models/recompiled14/model-Le%20Tomb%20Raider%2014%20%28July%2'
                                               b'014%2C%202025%29-101/driving_vision_ltr14_tinygrad.pkl", "sha256": "e36087b807fe002ceaa8ce14c8b5ee6f'
                                               b'289cedfd2bfb0968dab5b0a20e2fe095"}}, "metadata": {"file_name": "driving_vision_ltr14_metadata.pkl", '
                                               b'"download_uri": {"url": "https://gitlab.com/sunnypilot/public/docs.sunnypilot.ai5/-/raw/main/models/'
                                               b'recompiled14/model-Le%20Tomb%20Raider%2014%20%28July%2014%2C%202025%29-101/driving_vision_ltr14_meta'
                                               b'data.pkl", "sha256": "cd99e14e46b5dfa60a2b539d74371052ecb4cb5a9907a5b22a8e12b179b1f539"}}}]}, {"shor'
                                               b't_name": "TR16", "display_name": "Tomb Raider 16 (July 21, 2025)", "is_20hz": true, "ref": "e4b6a273'
                                               b'6580dc427473bcf8a6e3b08eb352edd4", "environment": "development", "runner": "tinygrad", "index": 21, '
                                               b'"minimum_selector_version": "14", "generation": "11", "build_time": "2026-02-12T21:14:04Z", "overrid'
                                               b'es": {"folder": "2025 Pre World Models", "lat": ".1", "long": ".3"}, "models": [{"type": "policy", "'
                                               b'artifact": {"file_name": "driving_policy_tr16_tinygrad.pkl", "download_uri": {"url": "https://gitlab'
                                               b'.com/sunnypilot/public/docs.sunnypilot.ai5/-/raw/main/models/recompiled14/model-Tomb%20Raider%2016%2'
                                               b'0%28July%2021%2C%202025%29-101/driving_policy_tr16_tinygrad.pkl", "sha256": "ef3d753c585c14c06d03312'
                                               b'0bfc120a6f4cb5e11e3be7454e3be15079cd32a0b"}}, "metadata": {"file_name": "driving_policy_tr16_metadat'
                                               b'a.pkl", "download_uri": {"url": "https://gitlab.com/sunnypilot/public/docs.sunnypilot.ai5/-/raw/main'
                                               b'/models/recompiled14/model-Tomb%20Raider%2016%20%28July%2021%2C%202025%29-101/driving_policy_tr16_me'
                                               b'tadata.pkl", "sha256": "b887afb5a424012b315f29f66a550e3f01a336a1536c211eb843b7dcf5c55b25"}}}, {"type'
                                               b'": "vision", "artifact": {"file_name": "driving_vision_tr16_tinygrad.pkl", "download_uri": {"url": "'
                                               b'https://gitlab.com/sunnypilot/public/docs.sunnypilot.ai5/-/raw/main/models/recompiled14/model-Tomb%2'
                                               b'0Raider%2016%20%28July%2021%2C%202025%29-101/driving_vision_tr16_tinygrad.pkl", "sha256": "1f77e585d'
                                               b'eb3e5f7523aa2133acf733e377a79515ac73ab8689eae8bc2062dfe"}}, "metadata": {"file_name": "driving_visio'
                                               b'n_tr16_metadata.pkl", "download_uri": {"url": "https://gitlab.com/sunnypilot/public/docs.sunnypilot.'
                                               b'ai5/-/raw/main/models/recompiled14/model-Tomb%20Raider%2016%20%28July%2021%2C%202025%29-101/driving_'
                                               b'vision_tr16_metadata.pkl", "sha256": "cd99e14e46b5dfa60a2b539d74371052ecb4cb5a9907a5b22a8e12b179b1f5'
                                               b'39"}}}]}, {"short_name": "SL2", "display_name": "Space Lab 2 (July 26, 2025)", "is_20hz": true, "ref'
                                               b'": "d3a0378ae601f61307a53d1173c251ee36c56317", "environment": "release", "runner": "tinygrad", "inde'
                                               b'x": 22, "minimum_selector_version": "14", "generation": "11", "build_time": "2026-02-12T21:49:15Z", '
                                               b'"overrides": {"folder": "Release Models", "lat": ".1", "long": ".3"}, "models": [{"type": "vision", '
                                               b'"artifact": {"file_name": "driving_vision_sl2_tinygrad.pkl", "download_uri": {"url": "https://gitlab'
                                               b'.com/sunnypilot/public/docs.sunnypilot.ai5/-/raw/main/models/recompiled14/model-Space%20Lab%202%20%2'
                                               b'8July%2026%2C%202025%29-101/driving_vision_sl2_tinygrad.pkl", "sha256": "e52730e737678ae085821cccc3c'
                                               b'215dd148a60c4b1a6aa7a52a8a2ac38d143db"}}, "metadata": {"file_name": "driving_vision_sl2_metadata.pkl'
                                               b'", "download_uri": {"url": "https://gitlab.com/sunnypilot/public/docs.sunnypilot.ai5/-/raw/main/mode'
                                               b'ls/recompiled14/model-Space%20Lab%202%20%28July%2026%2C%202025%29-101/driving_vision_sl2_metadata.pk'
                                               b'l", "sha256": "08bf5d9a05096d0271065089a4ec2cf66d02dcc584b74a25d7c371b24d99aa6d"}}}, {"type": "polic'
                                               b'y", "artifact": {"file_name": "driving_policy_sl2_tinygrad.pkl", "download_uri": {"url": "https://gi'
                                               b'tlab.com/sunnypilot/public/docs.sunnypilot.ai5/-/raw/main/models/recompiled14/model-Space%20Lab%202%'
                                               b'20%28July%2026%2C%202025%29-101/driving_policy_sl2_tinygrad.pkl", "sha256": "861afeb5fba54fbd1f99f95'
                                               b'24d3b1dcc009ea19078e8e6b431ded01c9c8233c0"}}, "metadata": {"file_name": "driving_policy_sl2_metadata'
                                               b'.pkl", "download_uri": {"url": "https://gitlab.com/sunnypilot/public/docs.sunnypilot.ai5/-/raw/main/'
                                               b'models/recompiled14/model-Space%20Lab%202%20%28July%2026%2C%202025%29-101/driving_policy_sl2_metadat'
                                               b'a.pkl", "sha256": "47c81d746937e1103d968965d14a1e369893f841b613c88ffc31f605bffe2678"}}}]}, {"short_n'
                                               b'ame": "SL3", "display_name": "Space Lab 3 (August 08, 2025)", "is_20hz": true, "ref": "659898d553eb6'
                                               b'8c981036811e1b92f6557d4e494", "environment": "master", "runner": "tinygrad", "index": 23, "minimum_s'
                                               b'elector_version": "14", "generation": "12", "build_time": "2026-02-12T20:38:53Z", "overrides": {"fol'
                                               b'der": "Master Models", "lat": ".1", "long": ".3"}, "models": [{"type": "vision", "artifact": {"file_'
                                               b'name": "driving_vision_sl3_tinygrad.pkl", "download_uri": {"url": "https://gitlab.com/sunnypilot/pub'
                                               b'lic/docs.sunnypilot.ai5/-/raw/main/models/recompiled14/model-Space%20Lab%203%20%28August%2008%2C%202'
                                               b'025%29-101/driving_vision_sl3_tinygrad.pkl", "sha256": "54587a5435d800279e6436936010157d9e1781e8a7c3'
                                               b'5b170bebf5c6c179c8f9"}}, "metadata": {"file_name": "driving_vision_sl3_metadata.pkl", "download_uri"'
                                               b': {"url": "https://gitlab.com/sunnypilot/public/docs.sunnypilot.ai5/-/raw/main/models/recompiled14/m'
                                               b'odel-Space%20Lab%203%20%28August%2008%2C%202025%29-101/driving_vision_sl3_metadata.pkl", "sha256": "'
                                               b'08bf5d9a05096d0271065089a4ec2cf66d02dcc584b74a25d7c371b24d99aa6d"}}}, {"type": "policy", "artifact":'
                                               b' {"file_name": "driving_policy_sl3_tinygrad.pkl", "download_uri": {"url": "https://gitlab.com/sunnyp'
                                               b'ilot/public/docs.sunnypilot.ai5/-/raw/main/models/recompiled14/model-Space%20Lab%203%20%28August%200'
                                               b'8%2C%202025%29-101/driving_policy_sl3_tinygrad.pkl", "sha256": "6570ac04ed4d7d7e3ddee900284defbe0cf9'
                                               b'6b898b2e14f59f8364d5b94a9660"}}, "metadata": {"file_name": "driving_policy_sl3_metadata.pkl", "downl'
                                               b'oad_uri": {"url": "https://gitlab.com/sunnypilot/public/docs.sunnypilot.ai5/-/raw/main/models/recomp'
                                               b'iled14/model-Space%20Lab%203%20%28August%2008%2C%202025%29-101/driving_policy_sl3_metadata.pkl", "sh'
                                               b'a256": "2ca2b53a138a1ca92ca6611144bf1a12f1a201145e672cc4d0731e47f360d3a9"}}}]}, {"short_name": "DTRV'
                                               b'6", "display_name": "Down to Ride v6 (August 12, 2025)", "is_20hz": true, "ref": "a6cf39c07a67dbc346'
                                               b'af03010093fe4788c402d0", "environment": "master", "runner": "tinygrad", "index": 24, "minimum_select'
                                               b'or_version": "14", "generation": "12", "build_time": "2026-02-12T19:41:58Z", "overrides": {"folder":'
                                               b' "Master Models", "lat": ".1", "long": ".3"}, "models": [{"type": "policy", "artifact": {"file_name"'
                                               b': "driving_policy_dtrv6_tinygrad.pkl", "download_uri": {"url": "https://gitlab.com/sunnypilot/public'
                                               b'/docs.sunnypilot.ai5/-/raw/main/models/recompiled14/model-Down%20to%20Ride%20v6%20%28August%2012%2C%'
                                               b'202025%29-101/driving_policy_dtrv6_tinygrad.pkl", "sha256": "2aeadafd14c3b9df6871a33729b22f09c32d211'
                                               b'891876a021d7b38020fb3d00e"}}, "metadata": {"file_name": "driving_policy_dtrv6_metadata.pkl", "downlo'
                                               b'ad_uri": {"url": "https://gitlab.com/sunnypilot/public/docs.sunnypilot.ai5/-/raw/main/models/recompi'
                                               b'led14/model-Down%20to%20Ride%20v6%20%28August%2012%2C%202025%29-101/driving_policy_dtrv6_metadata.pk'
                                               b'l", "sha256": "96eb774cf8def2ae2d2b729ef055881af52d9a232a1ebecc9d1b8228bf3da219"}}}, {"type": "visio'
                                               b'n", "artifact": {"file_name": "driving_vision_dtrv6_tinygrad.pkl", "download_uri": {"url": "https://'
                                               b'gitlab.com/sunnypilot/public/docs.sunnypilot.ai5/-/raw/main/models/recompiled14/model-Down%20to%20Ri'
                                               b'de%20v6%20%28August%2012%2C%202025%29-101/driving_vision_dtrv6_tinygrad.pkl", "sha256": "48093ca9138'
                                               b'50e0547cc2b3e3e1d78807382f1532d933cfb401bd28530976b8a"}}, "metadata": {"file_name": "driving_vision_'
                                               b'dtrv6_metadata.pkl", "download_uri": {"url": "https://gitlab.com/sunnypilot/public/docs.sunnypilot.a'
                                               b'i5/-/raw/main/models/recompiled14/model-Down%20to%20Ride%20v6%20%28August%2012%2C%202025%29-101/driv'
                                               b'ing_vision_dtrv6_metadata.pkl", "sha256": "08bf5d9a05096d0271065089a4ec2cf66d02dcc584b74a25d7c371b24'
                                               b'd99aa6d"}}}]}, {"short_name": "UVDTRM", "display_name": "UV + DTR Model (August 13, 2025)", "is_20hz'
                                               b'": true, "ref": "079d0461604632719e73dc5b6a5eb9897c624da2", "environment": "development", "runner": '
                                               b'"tinygrad", "index": 25, "minimum_selector_version": "14", "generation": "12", "build_time": "2026-0'
                                               b'2-12T21:22:34Z", "overrides": {"folder": "2025 World Models", "lat": ".1", "long": ".3"}, "models": '
                                               b'[{"type": "policy", "artifact": {"file_name": "driving_policy_uvdtrm_tinygrad.pkl", "download_uri": '
                                               b'{"url": "https://gitlab.com/sunnypilot/public/docs.sunnypilot.ai5/-/raw/main/models/recompiled14/mod'
                                               b'el-UV%20%2B%20DTR%20Model%20%28August%2013%2C%202025%29-101/driving_policy_uvdtrm_tinygrad.pkl", "sh'
                                               b'a256": "fd87f961012352ba7a89e3b3743d7b8a5fdb58c05117363639054c6cfb6a03d0"}}, "metadata": {"file_name'
                                               b'": "driving_policy_uvdtrm_metadata.pkl", "download_uri": {"url": "https://gitlab.com/sunnypilot/publ'
                                               b'ic/docs.sunnypilot.ai5/-/raw/main/models/recompiled14/model-UV%20%2B%20DTR%20Model%20%28August%2013%'
                                               b'2C%202025%29-101/driving_policy_uvdtrm_metadata.pkl", "sha256": "3d5ba92e3ed1fac6d16abaefbedec943758'
                                               b'bde9e67ce2722814772680d2c3ea0"}}}, {"type": "vision", "artifact": {"file_name": "driving_vision_uvdt'
                                               b'rm_tinygrad.pkl", "download_uri": {"url": "https://gitlab.com/sunnypilot/public/docs.sunnypilot.ai5/'
                                               b'-/raw/main/models/recompiled14/model-UV%20%2B%20DTR%20Model%20%28August%2013%2C%202025%29-101/drivin'
                                               b'g_vision_uvdtrm_tinygrad.pkl", "sha256": "800c3361b29dc99e3bfe33424ae37f289118fb674830d86c776fbbec75'
                                               b'b52a77"}}, "metadata": {"file_name": "driving_vision_uvdtrm_metadata.pkl", "download_uri": {"url": "'
                                               b'https://gitlab.com/sunnypilot/public/docs.sunnypilot.ai5/-/raw/main/models/recompiled14/model-UV%20%'
                                               b'2B%20DTR%20Model%20%28August%2013%2C%202025%29-101/driving_vision_uvdtrm_metadata.pkl", "sha256": "5'
                                               b'b95bc9029861fe640d55b383f633b3645e596a6cbbd9e2fcbea5ce6059a1fa8"}}}]}, {"short_name": "FPCM", "displ'
                                               b'ay_name": "Falling Phoenix (August 14, 2025)", "is_20hz": true, "ref": "277c7c6e9bd847bcec2187bd2ba2'
                                               b'fd07877b5012", "environment": "development", "runner": "tinygrad", "index": 26, "minimum_selector_ve'
                                               b'rsion": "14", "generation": "12", "build_time": "2026-02-12T21:35:31Z", "overrides": {"folder": "Cus'
                                               b'tom Merge Models", "lat": ".1", "long": ".3"}, "models": [{"type": "vision", "artifact": {"file_name'
                                               b'": "driving_vision_fp_tinygrad.pkl", "download_uri": {"url": "https://gitlab.com/sunnypilot/public/d'
                                               b'ocs.sunnypilot.ai5/-/raw/main/models/recompiled14/model-Falling%20Phoenix%20%28August%2014%2C%202025'
                                               b'%29-101/driving_vision_fp_tinygrad.pkl", "sha256": "5d7f01dfb1bf78b11046867759d01a2b9bb294d6b80f9e09'
                                               b'bd4d4b5a1b599db6"}}, "metadata": {"file_name": "driving_vision_fp_metadata.pkl", "download_uri": {"u'
                                               b'rl": "https://gitlab.com/sunnypilot/public/docs.sunnypilot.ai5/-/raw/main/models/recompiled14/model-'
                                               b'Falling%20Phoenix%20%28August%2014%2C%202025%29-101/driving_vision_fp_metadata.pkl", "sha256": "08bf'
                                               b'5d9a05096d0271065089a4ec2cf66d02dcc584b74a25d7c371b24d99aa6d"}}}, {"type": "policy", "artifact": {"f'
                                               b'ile_name": "driving_policy_fp_tinygrad.pkl", "download_uri": {"url": "https://gitlab.com/sunnypilot/'
                                               b'public/docs.sunnypilot.ai5/-/raw/main/models/recompiled14/model-Falling%20Phoenix%20%28August%2014%2'
                                               b'C%202025%29-101/driving_policy_fp_tinygrad.pkl", "sha256": "7c50310dd9c04cdc86d50ca81f62f1951323a96b'
                                               b'4c1146f46ae975d0f964ba76"}}, "metadata": {"file_name": "driving_policy_fp_metadata.pkl", "download_u'
                                               b'ri": {"url": "https://gitlab.com/sunnypilot/public/docs.sunnypilot.ai5/-/raw/main/models/recompiled1'
                                               b'4/model-Falling%20Phoenix%20%28August%2014%2C%202025%29-101/driving_policy_fp_metadata.pkl", "sha256'
                                               b'": "86bc49524d842d4a958d968f66cffa353f99dc905f2af827166851962d85668e"}}}]}, {"short_name": "KV", "di'
                                               b'splay_name": "Kumars Vibe (August 16, 2025)", "is_20hz": true, "ref": "ee5008cc03e84585a683a7387d414'
                                               b'd5c34a336fa", "environment": "development", "runner": "tinygrad", "index": 27, "minimum_selector_ver'
                                               b'sion": "14", "generation": "12", "build_time": "2026-02-12T22:45:41Z", "overrides": {"folder": "Cust'
                                               b'om Merge Models", "lat": ".1", "long": ".3"}, "models": [{"type": "policy", "artifact": {"file_name"'
                                               b': "driving_policy_kv_tinygrad.pkl", "download_uri": {"url": "https://gitlab.com/sunnypilot/public/do'
                                               b'cs.sunnypilot.ai5/-/raw/main/models/recompiled14/model-Kumars%20Vibe%20%28August%2016%2C%202025%29-1'
                                               b'01/driving_policy_kv_tinygrad.pkl", "sha256": "dc8657ec02751d52b9de9ad9e86580a23922ee29842d354710811'
                                               b'1f02fd80b1a"}}, "metadata": {"file_name": "driving_policy_kv_metadata.pkl", "download_uri": {"url": '
                                               b'"https://gitlab.com/sunnypilot/public/docs.sunnypilot.ai5/-/raw/main/models/recompiled14/model-Kumar'
                                               b's%20Vibe%20%28August%2016%2C%202025%29-101/driving_policy_kv_metadata.pkl", "sha256": "9294e90ea796c'
                                               b'9b7dfe86fe8035498989c91121f1535ba64121c483c65a153ae"}}}, {"type": "vision", "artifact": {"file_name"'
                                               b': "driving_vision_kv_tinygrad.pkl", "download_uri": {"url": "https://gitlab.com/sunnypilot/public/do'
                                               b'cs.sunnypilot.ai5/-/raw/main/models/recompiled14/model-Kumars%20Vibe%20%28August%2016%2C%202025%29-1'
                                               b'01/driving_vision_kv_tinygrad.pkl", "sha256": "035c737bd5e1189c1f3e7bdb8ba4a69e186ab7c0e6d46bbe61197'
                                               b'ba69166ea02"}}, "metadata": {"file_name": "driving_vision_kv_metadata.pkl", "download_uri": {"url": '
                                               b'"https://gitlab.com/sunnypilot/public/docs.sunnypilot.ai5/-/raw/main/models/recompiled14/model-Kumar'
                                               b's%20Vibe%20%28August%2016%2C%202025%29-101/driving_vision_kv_metadata.pkl", "sha256": "08bf5d9a05096'
                                               b'd0271065089a4ec2cf66d02dcc584b74a25d7c371b24d99aa6d"}}}]}, {"short_name": "SPM", "display_name": "St'
                                               b'eam Powered Model (August 16, 2025)", "is_20hz": true, "ref": "f1b8f510b2c554191ca15cebe35f2c5b304cf'
                                               b'23c", "environment": "master", "runner": "tinygrad", "index": 28, "minimum_selector_version": "14", '
                                               b'"generation": "12", "build_time": "2026-02-12T20:08:47Z", "overrides": {"folder": "Master Models", "'
                                               b'lat": ".1", "long": ".3"}, "models": [{"type": "policy", "artifact": {"file_name": "driving_policy_s'
                                               b'pm_tinygrad.pkl", "download_uri": {"url": "https://gitlab.com/sunnypilot/public/docs.sunnypilot.ai5/'
                                               b'-/raw/main/models/recompiled14/model-Steam%20Powered%20Model%20%28August%2016%2C%202025%29-101/drivi'
                                               b'ng_policy_spm_tinygrad.pkl", "sha256": "4fcb4852763630e951d25dcec14f2d5786f14b520c02230f705b35f51a96'
                                               b'd96e"}}, "metadata": {"file_name": "driving_policy_spm_metadata.pkl", "download_uri": {"url": "https'
                                               b'://gitlab.com/sunnypilot/public/docs.sunnypilot.ai5/-/raw/main/models/recompiled14/model-Steam%20Pow'
                                               b'ered%20Model%20%28August%2016%2C%202025%29-101/driving_policy_spm_metadata.pkl", "sha256": "8e670777'
                                               b'5e2aec3570f282a04a87a6124c1e9e02ac822b23e5c8e4463b03f1f8"}}}, {"type": "vision", "artifact": {"file_'
                                               b'name": "driving_vision_spm_tinygrad.pkl", "download_uri": {"url": "https://gitlab.com/sunnypilot/pub'
                                               b'lic/docs.sunnypilot.ai5/-/raw/main/models/recompiled14/model-Steam%20Powered%20Model%20%28August%201'
                                               b'6%2C%202025%29-101/driving_vision_spm_tinygrad.pkl", "sha256": "689a69d2a41d588d114382785836960884b3'
                                               b'5552922acdd9656c41c98f560d53"}}, "metadata": {"file_name": "driving_vision_spm_metadata.pkl", "downl'
                                               b'oad_uri": {"url": "https://gitlab.com/sunnypilot/public/docs.sunnypilot.ai5/-/raw/main/models/recomp'
                                               b'iled14/model-Steam%20Powered%20Model%20%28August%2016%2C%202025%29-101/driving_vision_spm_metadata.p'
                                               b'kl", "sha256": "12e97872de2f39aacb1172ffbda9c4aba840854080d4849d96ac5b1b7eb43295"}}}]}, {"short_name'
                                               b'": "GMV3", "display_name": "gWM Model v3 (August 22, 2025)", "is_20hz": true, "ref": "93b26a91a62b69'
                                               b'b809162ad2bf65e36be2158dc1", "environment": "development", "runner": "tinygrad", "index": 29, "minim'
                                               b'um_selector_version": "14", "generation": "12", "build_time": "2026-02-12T21:09:40Z", "overrides": {'
                                               b'"folder": "2025 World Models", "lat": ".1", "long": ".3"}, "models": [{"type": "policy", "artifact":'
                                               b' {"file_name": "driving_policy_gmv3_tinygrad.pkl", "download_uri": {"url": "https://gitlab.com/sunny'
                                               b'pilot/public/docs.sunnypilot.ai5/-/raw/main/models/recompiled14/model-gWM%20Model%20v3%20%28August%2'
                                               b'022%2C%202025%29-101/driving_policy_gmv3_tinygrad.pkl", "sha256": "21282e2b5e2b247cbd402c24e1e716b40'
                                               b'6694fdbe811875acb6ac8f77f2b9a5d"}}, "metadata": {"file_name": "driving_policy_gmv3_metadata.pkl", "d'
                                               b'ownload_uri": {"url": "https://gitlab.com/sunnypilot/public/docs.sunnypilot.ai5/-/raw/main/models/re'
                                               b'compiled14/model-gWM%20Model%20v3%20%28August%2022%2C%202025%29-101/driving_policy_gmv3_metadata.pkl'
                                               b'", "sha256": "d26318ecc10141586147cc64390f0b2676a53fbec0b07dd094d02a8ae74af589"}}}, {"type": "vision'
                                               b'", "artifact": {"file_name": "driving_vision_gmv3_tinygrad.pkl", "download_uri": {"url": "https://gi'
                                               b'tlab.com/sunnypilot/public/docs.sunnypilot.ai5/-/raw/main/models/recompiled14/model-gWM%20Model%20v3'
                                               b'%20%28August%2022%2C%202025%29-101/driving_vision_gmv3_tinygrad.pkl", "sha256": "c5e9e3f2847e4523c76'
                                               b'27e3c373574f952f9722995de6163308690be91d1a230"}}, "metadata": {"file_name": "driving_vision_gmv3_met'
                                               b'adata.pkl", "download_uri": {"url": "https://gitlab.com/sunnypilot/public/docs.sunnypilot.ai5/-/raw/'
                                               b'main/models/recompiled14/model-gWM%20Model%20v3%20%28August%2022%2C%202025%29-101/driving_vision_gmv'
                                               b'3_metadata.pkl", "sha256": "12e97872de2f39aacb1172ffbda9c4aba840854080d4849d96ac5b1b7eb43295"}}}]}, '
                                               b'{"short_name": "FM", "display_name": "Firehose Model (August 31, 2025)", "is_20hz": true, "ref": "b7'
                                               b'4f5189a74446015c0cf78a4a9f0134a347ae3b", "environment": "master", "runner": "tinygrad", "index": 30,'
                                               b' "minimum_selector_version": "14", "generation": "12", "build_time": "2026-02-12T20:25:56Z", "overri'
                                               b'des": {"folder": "Master Models", "lat": ".1", "long": ".3"}, "models": [{"type": "policy", "artifac'
                                               b't": {"file_name": "driving_policy_fm_tinygrad.pkl", "download_uri": {"url": "https://gitlab.com/sunn'
                                               b'ypilot/public/docs.sunnypilot.ai5/-/raw/main/models/recompiled14/model-Firehose%20Model%20%28August%'
                                               b'2031%2C%202025%29-101/driving_policy_fm_tinygrad.pkl", "sha256": "2e2505c324b04945b0b4e05ec7d14f5bd5'
                                               b'd10d73bb96d7241d8bec832b9d0aaa"}}, "metadata": {"file_name": "driving_policy_fm_metadata.pkl", "down'
                                               b'load_uri": {"url": "https://gitlab.com/sunnypilot/public/docs.sunnypilot.ai5/-/raw/main/models/recom'
                                               b'piled14/model-Firehose%20Model%20%28August%2031%2C%202025%29-101/driving_policy_fm_metadata.pkl", "s'
                                               b'ha256": "67bd32fd22ddb6de84fcafded4211141abf518e31b6d3a7fd24839ef5f3b6490"}}}, {"type": "vision", "a'
                                               b'rtifact": {"file_name": "driving_vision_fm_tinygrad.pkl", "download_uri": {"url": "https://gitlab.co'
                                               b'm/sunnypilot/public/docs.sunnypilot.ai5/-/raw/main/models/recompiled14/model-Firehose%20Model%20%28A'
                                               b'ugust%2031%2C%202025%29-101/driving_vision_fm_tinygrad.pkl", "sha256": "9d04ebd8f0c8c27bbbae8e3eb928'
                                               b'55fdf09d898ac4ed889a9133f797c821d93a"}}, "metadata": {"file_name": "driving_vision_fm_metadata.pkl",'
                                               b' "download_uri": {"url": "https://gitlab.com/sunnypilot/public/docs.sunnypilot.ai5/-/raw/main/models'
                                               b'/recompiled14/model-Firehose%20Model%20%28August%2031%2C%202025%29-101/driving_vision_fm_metadata.pk'
                                               b'l", "sha256": "ec842483cbd798b9f97f6a36a686e46d4f995eb9fa6f83455bb02e9210a02d69"}}}]}, {"short_name"'
                                               b': "FBW", "display_name": "Fly By Wire (September 04, 2025)", "is_20hz": true, "ref": "c4488e3411285f'
                                               b'6fc3d008bca885e05731fd75c2", "environment": "development", "runner": "tinygrad", "index": 31, "minim'
                                               b'um_selector_version": "14", "generation": "12", "build_time": "2026-02-12T19:33:27Z", "overrides": {'
                                               b'"folder": "2025 World Models", "lat": ".1", "long": ".3"}, "models": [{"type": "policy", "artifact":'
                                               b' {"file_name": "driving_policy_fbw_tinygrad.pkl", "download_uri": {"url": "https://gitlab.com/sunnyp'
                                               b'ilot/public/docs.sunnypilot.ai5/-/raw/main/models/recompiled14/model-Fly%20By%20Wire%20%28September%'
                                               b'2004%2C%202025%29-101/driving_policy_fbw_tinygrad.pkl", "sha256": "2572cf6f2746ed09f192d1e8b1e0fcd40'
                                               b'767e793b5531cda0d0579bb93c7a3f7"}}, "metadata": {"file_name": "driving_policy_fbw_metadata.pkl", "do'
                                               b'wnload_uri": {"url": "https://gitlab.com/sunnypilot/public/docs.sunnypilot.ai5/-/raw/main/models/rec'
                                               b'ompiled14/model-Fly%20By%20Wire%20%28September%2004%2C%202025%29-101/driving_policy_fbw_metadata.pkl'
                                               b'", "sha256": "6d2e6bb4b9cba023f38d2e5ff9dbec5302a0463907f05f601569a1dc5e46094f"}}}, {"type": "vision'
                                               b'", "artifact": {"file_name": "driving_vision_fbw_tinygrad.pkl", "download_uri": {"url": "https://git'
                                               b'lab.com/sunnypilot/public/docs.sunnypilot.ai5/-/raw/main/models/recompiled14/model-Fly%20By%20Wire%2'
                                               b'0%28September%2004%2C%202025%29-101/driving_vision_fbw_tinygrad.pkl", "sha256": "3958f28e2ed2cbe0d08'
                                               b'666a2068beaf201cd9b7bbe9c2b0f3b7422ae093bd3d0"}}, "metadata": {"file_name": "driving_vision_fbw_meta'
                                               b'data.pkl", "download_uri": {"url": "https://gitlab.com/sunnypilot/public/docs.sunnypilot.ai5/-/raw/m'
                                               b'ain/models/recompiled14/model-Fly%20By%20Wire%20%28September%2004%2C%202025%29-101/driving_vision_fb'
                                               b'w_metadata.pkl", "sha256": "17679e8f8374e47b84d580f92a56052a29cc889c97915fbb429852a7474bde6c"}}}]}, '
                                               b'{"short_name": "NM", "display_name": "Nevada Model (September 07, 2025)", "is_20hz": true, "ref": "3'
                                               b'193eac5e385aa010694a8ac192ff38ffe000193", "environment": "master", "runner": "tinygrad", "index": 32'
                                               b', "minimum_selector_version": "14", "generation": "12", "build_time": "2026-02-12T20:17:33Z", "overr'
                                               b'ides": {"folder": "Master Models", "lat": ".1", "long": ".3"}, "models": [{"type": "policy", "artifa'
                                               b'ct": {"file_name": "driving_policy_nm_tinygrad.pkl", "download_uri": {"url": "https://gitlab.com/sun'
                                               b'nypilot/public/docs.sunnypilot.ai5/-/raw/main/models/recompiled14/model-Nevada%20Model%20%28Septembe'
                                               b'r%2007%2C%202025%29-101/driving_policy_nm_tinygrad.pkl", "sha256": "144aa899a8f12c342ef30fa37fba8750'
                                               b'c7e5eaa17a26dc6eef4da10588fbc86f"}}, "metadata": {"file_name": "driving_policy_nm_metadata.pkl", "do'
                                               b'wnload_uri": {"url": "https://gitlab.com/sunnypilot/public/docs.sunnypilot.ai5/-/raw/main/models/rec'
                                               b'ompiled14/model-Nevada%20Model%20%28September%2007%2C%202025%29-101/driving_policy_nm_metadata.pkl",'
                                               b' "sha256": "281d0ad7fe5d3ad1391498ebb4915ca77e38a3d41144f92a117f4d8a4b6ee3b2"}}}, {"type": "vision",'
                                               b' "artifact": {"file_name": "driving_vision_nm_tinygrad.pkl", "download_uri": {"url": "https://gitlab'
                                               b'.com/sunnypilot/public/docs.sunnypilot.ai5/-/raw/main/models/recompiled14/model-Nevada%20Model%20%28'
                                               b'September%2007%2C%202025%29-101/driving_vision_nm_tinygrad.pkl", "sha256": "4b50e3a4e2fde5ce147675a0'
                                               b'90a876d5d103e8da6dc2c7cfed6c2effd59358db"}}, "metadata": {"file_name": "driving_vision_nm_metadata.p'
                                               b'kl", "download_uri": {"url": "https://gitlab.com/sunnypilot/public/docs.sunnypilot.ai5/-/raw/main/mo'
                                               b'dels/recompiled14/model-Nevada%20Model%20%28September%2007%2C%202025%29-101/driving_vision_nm_metada'
                                               b'ta.pkl", "sha256": "ec842483cbd798b9f97f6a36a686e46d4f995eb9fa6f83455bb02e9210a02d69"}}}]}, {"short_'
                                               b'name": "GWMV5", "display_name": "gWM v5 (September 09, 2025)", "is_20hz": true, "ref": "e3ee440f7d5a'
                                               b'c12c50db6381e292a55a69b745a7", "environment": "development", "runner": "tinygrad", "index": 33, "min'
                                               b'imum_selector_version": "14", "generation": "12", "build_time": "2026-02-12T20:56:47Z", "overrides":'
                                               b' {"folder": "2025 World Models", "lat": ".1", "long": ".3"}, "models": [{"type": "policy", "artifact'
                                               b'": {"file_name": "driving_policy_gwmv5_tinygrad.pkl", "download_uri": {"url": "https://gitlab.com/su'
                                               b'nnypilot/public/docs.sunnypilot.ai5/-/raw/main/models/recompiled14/model-gWM%20v5%20%28September%200'
                                               b'9%2C%202025%29-101/driving_policy_gwmv5_tinygrad.pkl", "sha256": "c68638dfd6f4278ab0d458b29cb9fd0529'
                                               b'b2d0bf239ff43bc0bfca030da9e060"}}, "metadata": {"file_name": "driving_policy_gwmv5_metadata.pkl", "d'
                                               b'ownload_uri": {"url": "https://gitlab.com/sunnypilot/public/docs.sunnypilot.ai5/-/raw/main/models/re'
                                               b'compiled14/model-gWM%20v5%20%28September%2009%2C%202025%29-101/driving_policy_gwmv5_metadata.pkl", "'
                                               b'sha256": "70f1e31801cfb40d7192d5ea5f2f7209cd5a309e9b06cdf408223d402144343c"}}}, {"type": "vision", "'
                                               b'artifact": {"file_name": "driving_vision_gwmv5_tinygrad.pkl", "download_uri": {"url": "https://gitla'
                                               b'b.com/sunnypilot/public/docs.sunnypilot.ai5/-/raw/main/models/recompiled14/model-gWM%20v5%20%28Septe'
                                               b'mber%2009%2C%202025%29-101/driving_vision_gwmv5_tinygrad.pkl", "sha256": "8d5c70c7c1ede80388fa2e903f'
                                               b'ccccf61ea2b1fa550d552d2cbb85f0847affb8"}}, "metadata": {"file_name": "driving_vision_gwmv5_metadata.'
                                               b'pkl", "download_uri": {"url": "https://gitlab.com/sunnypilot/public/docs.sunnypilot.ai5/-/raw/main/m'
                                               b'odels/recompiled14/model-gWM%20v5%20%28September%2009%2C%202025%29-101/driving_vision_gwmv5_metadata'
                                               b'.pkl", "sha256": "ec842483cbd798b9f97f6a36a686e46d4f995eb9fa6f83455bb02e9210a02d69"}}}]}, {"short_na'
                                               b'me": "GWMV6", "display_name": "gWM v6 (September 20, 2025)", "is_20hz": true, "ref": "91a1cea814f76d'
                                               b'605d5b15de9634a3c8f79df509", "environment": "development", "runner": "tinygrad", "index": 34, "minim'
                                               b'um_selector_version": "14", "generation": "12", "build_time": "2026-02-12T20:00:09Z", "overrides": {'
                                               b'"folder": "2025 World Models", "lat": ".1", "long": ".3"}, "models": [{"type": "policy", "artifact":'
                                               b' {"file_name": "driving_policy_gwmv6_tinygrad.pkl", "download_uri": {"url": "https://gitlab.com/sunn'
                                               b'ypilot/public/docs.sunnypilot.ai5/-/raw/main/models/recompiled14/model-gWM%20v6%20%28September%2020%'
                                               b'2C%202025%29-101/driving_policy_gwmv6_tinygrad.pkl", "sha256": "fb5bf11cbe5d68302dda29cc0fe965a3b71a'
                                               b'0fcdc7729577008c0ed794199782"}}, "metadata": {"file_name": "driving_policy_gwmv6_metadata.pkl", "dow'
                                               b'nload_uri": {"url": "https://gitlab.com/sunnypilot/public/docs.sunnypilot.ai5/-/raw/main/models/reco'
                                               b'mpiled14/model-gWM%20v6%20%28September%2020%2C%202025%29-101/driving_policy_gwmv6_metadata.pkl", "sh'
                                               b'a256": "6d275bb87069b79f3ef48abc4f1d2bbcafa79627c2752bfb483c44c6dc6c00a8"}}}, {"type": "vision", "ar'
                                               b'tifact": {"file_name": "driving_vision_gwmv6_tinygrad.pkl", "download_uri": {"url": "https://gitlab.'
                                               b'com/sunnypilot/public/docs.sunnypilot.ai5/-/raw/main/models/recompiled14/model-gWM%20v6%20%28Septemb'
                                               b'er%2020%2C%202025%29-101/driving_vision_gwmv6_tinygrad.pkl", "sha256": "f6778d5368449173f5de97726db1'
                                               b'fd4aae84c2859b154ae0117a0890b4128506"}}, "metadata": {"file_name": "driving_vision_gwmv6_metadata.pk'
                                               b'l", "download_uri": {"url": "https://gitlab.com/sunnypilot/public/docs.sunnypilot.ai5/-/raw/main/mod'
                                               b'els/recompiled14/model-gWM%20v6%20%28September%2020%2C%202025%29-101/driving_vision_gwmv6_metadata.p'
                                               b'kl", "sha256": "ec842483cbd798b9f97f6a36a686e46d4f995eb9fa6f83455bb02e9210a02d69"}}}]}, {"short_name'
                                               b'": "GWMV8", "display_name": "gWM v8 (September 28, 2025)", "is_20hz": true, "ref": "96e7b310b164b55f'
                                               b'b73abdd505b66fb36630718e", "environment": "development", "runner": "tinygrad", "index": 35, "minimum'
                                               b'_selector_version": "14", "generation": "12", "build_time": "2026-02-12T20:21:45Z", "overrides": {"f'
                                               b'older": "2025 World Models", "lat": ".1", "long": ".3"}, "models": [{"type": "policy", "artifact": {'
                                               b'"file_name": "driving_policy_gwmv8_tinygrad.pkl", "download_uri": {"url": "https://gitlab.com/sunnyp'
                                               b'ilot/public/docs.sunnypilot.ai5/-/raw/main/models/recompiled14/model-gWM%20v8%20%28September%2028%2C'
                                               b'%202025%29-101/driving_policy_gwmv8_tinygrad.pkl", "sha256": "e1a0674b2d5914312748bc42cadd639956591f'
                                               b'c26fb54650386392df785a7ce0"}}, "metadata": {"file_name": "driving_policy_gwmv8_metadata.pkl", "downl'
                                               b'oad_uri": {"url": "https://gitlab.com/sunnypilot/public/docs.sunnypilot.ai5/-/raw/main/models/recomp'
                                               b'iled14/model-gWM%20v8%20%28September%2028%2C%202025%29-101/driving_policy_gwmv8_metadata.pkl", "sha2'
                                               b'56": "7c857f528e35f4f4e66398b8d0fba61fdfaaf82ee242496d4fcd0db88165452a"}}}, {"type": "vision", "arti'
                                               b'fact": {"file_name": "driving_vision_gwmv8_tinygrad.pkl", "download_uri": {"url": "https://gitlab.co'
                                               b'm/sunnypilot/public/docs.sunnypilot.ai5/-/raw/main/models/recompiled14/model-gWM%20v8%20%28September'
                                               b'%2028%2C%202025%29-101/driving_vision_gwmv8_tinygrad.pkl", "sha256": "4a92cfdc10623617a42e74bcb40f8f'
                                               b'08aa7925464b0bf89c9e2ba49995afcdd5"}}, "metadata": {"file_name": "driving_vision_gwmv8_metadata.pkl"'
                                               b', "download_uri": {"url": "https://gitlab.com/sunnypilot/public/docs.sunnypilot.ai5/-/raw/main/model'
                                               b's/recompiled14/model-gWM%20v8%20%28September%2028%2C%202025%29-101/driving_vision_gwmv8_metadata.pkl'
                                               b'", "sha256": "ec842483cbd798b9f97f6a36a686e46d4f995eb9fa6f83455bb02e9210a02d69"}}}]}, {"short_name":'
                                               b' "TCP", "display_name": "The Cool Peoples Model (October 03, 2025)", "is_20hz": true, "ref": "5306f0'
                                               b'7d05a4f84a632ce908ec5ce34993e73693", "environment": "development", "runner": "tinygrad", "index": 36'
                                               b', "minimum_selector_version": "14", "generation": "12", "build_time": "2026-02-12T22:35:35Z", "overr'
                                               b'ides": {"folder": "2025 World Models", "lat": ".1", "long": ".3"}, "models": [{"type": "policy", "ar'
                                               b'tifact": {"file_name": "driving_policy_tcpm_tinygrad.pkl", "download_uri": {"url": "https://gitlab.c'
                                               b'om/sunnypilot/public/docs.sunnypilot.ai5/-/raw/main/models/recompiled14/model-The%20Cool%20Peoples%2'
                                               b'0Model%20%28October%2003%2C%202025%29-101/driving_policy_tcpm_tinygrad.pkl", "sha256": "32eee029b9eb'
                                               b'1a28800e7f1e0f973972468a01222f4f45130ebed3711a90799f"}}, "metadata": {"file_name": "driving_policy_t'
                                               b'cpm_metadata.pkl", "download_uri": {"url": "https://gitlab.com/sunnypilot/public/docs.sunnypilot.ai5'
                                               b'/-/raw/main/models/recompiled14/model-The%20Cool%20Peoples%20Model%20%28October%2003%2C%202025%29-10'
                                               b'1/driving_policy_tcpm_metadata.pkl", "sha256": "324e3e1f83b0fe7158f75083e3aa9b630d0bf03f1a14b261e1cb'
                                               b'c14dbcedc805"}}}, {"type": "vision", "artifact": {"file_name": "driving_vision_tcpm_tinygrad.pkl", "'
                                               b'download_uri": {"url": "https://gitlab.com/sunnypilot/public/docs.sunnypilot.ai5/-/raw/main/models/r'
                                               b'ecompiled14/model-The%20Cool%20Peoples%20Model%20%28October%2003%2C%202025%29-101/driving_vision_tcp'
                                               b'm_tinygrad.pkl", "sha256": "865ddbaf1afbfbff0e496035acdc7c302aeb6ff0c5556a3651d41ec25ae23c11"}}, "me'
                                               b'tadata": {"file_name": "driving_vision_tcpm_metadata.pkl", "download_uri": {"url": "https://gitlab.c'
                                               b'om/sunnypilot/public/docs.sunnypilot.ai5/-/raw/main/models/recompiled14/model-The%20Cool%20Peoples%2'
                                               b'0Model%20%28October%2003%2C%202025%29-101/driving_vision_tcpm_metadata.pkl", "sha256": "ec842483cbd7'
                                               b'98b9f97f6a36a686e46d4f995eb9fa6f83455bb02e9210a02d69"}}}]}, {"short_name": "NNM", "display_name": "N'
                                               b'orth Nevada Model (October 07, 2025)", "is_20hz": true, "ref": "74d156ee827863aa02567228a4a48931e604'
                                               b'a41c", "environment": "development", "runner": "tinygrad", "index": 37, "minimum_selector_version": '
                                               b'"14", "generation": "12", "build_time": "2026-02-12T19:37:38Z", "overrides": {"folder": "2025 World '
                                               b'Models", "lat": ".1", "long": ".3"}, "models": [{"type": "policy", "artifact": {"file_name": "drivin'
                                               b'g_policy_nnm_tinygrad.pkl", "download_uri": {"url": "https://gitlab.com/sunnypilot/public/docs.sunny'
                                               b'pilot.ai5/-/raw/main/models/recompiled14/model-North%20Nevada%20Model%20%28October%2007%2C%202025%29'
                                               b'-101/driving_policy_nnm_tinygrad.pkl", "sha256": "b1c92900157c94313760c1cf7e68ab33c65f86c094e6797972'
                                               b'9153244a5c8737"}}, "metadata": {"file_name": "driving_policy_nnm_metadata.pkl", "download_uri": {"ur'
                                               b'l": "https://gitlab.com/sunnypilot/public/docs.sunnypilot.ai5/-/raw/main/models/recompiled14/model-N'
                                               b'orth%20Nevada%20Model%20%28October%2007%2C%202025%29-101/driving_policy_nnm_metadata.pkl", "sha256":'
                                               b' "b6da000578015087cec30491365f2eff0759d8581664bd44b1a3dbdbe1d4b2da"}}}, {"type": "vision", "artifact'
                                               b'": {"file_name": "driving_vision_nnm_tinygrad.pkl", "download_uri": {"url": "https://gitlab.com/sunn'
                                               b'ypilot/public/docs.sunnypilot.ai5/-/raw/main/models/recompiled14/model-North%20Nevada%20Model%20%28O'
                                               b'ctober%2007%2C%202025%29-101/driving_vision_nnm_tinygrad.pkl", "sha256": "82d50f8f46119b543af1f25d9c'
                                               b'05eb6922be565d904d2cc65774ea64b7c44b26"}}, "metadata": {"file_name": "driving_vision_nnm_metadata.pk'
                                               b'l", "download_uri": {"url": "https://gitlab.com/sunnypilot/public/docs.sunnypilot.ai5/-/raw/main/mod'
                                               b'els/recompiled14/model-North%20Nevada%20Model%20%28October%2007%2C%202025%29-101/driving_vision_nnm_'
                                               b'metadata.pkl", "sha256": "ec842483cbd798b9f97f6a36a686e46d4f995eb9fa6f83455bb02e9210a02d69"}}}]}, {"'
                                               b'short_name": "NNMV2", "display_name": "North Nevada Model V2 (October 08, 2025)", "is_20hz": true, "'
                                               b'ref": "83b81b83cdf76a577946a1567f4644e1a018443c", "environment": "release", "runner": "tinygrad", "i'
                                               b'ndex": 38, "minimum_selector_version": "14", "generation": "12", "build_time": "2026-02-12T21:18:16Z'
                                               b'", "overrides": {"folder": "Release Models", "lat": ".1", "long": ".3"}, "models": [{"type": "policy'
                                               b'", "artifact": {"file_name": "driving_policy_nnmv2_tinygrad.pkl", "download_uri": {"url": "https://g'
                                               b'itlab.com/sunnypilot/public/docs.sunnypilot.ai5/-/raw/main/models/recompiled14/model-North%20Nevada%'
                                               b'20Model%20V2%20%28October%2008%2C%202025%29-101/driving_policy_nnmv2_tinygrad.pkl", "sha256": "47546'
                                               b'dc2f434f13251eec8cdf14412ba987a06dd8a1e05e10b6220ea92cd7e27"}}, "metadata": {"file_name": "driving_p'
                                               b'olicy_nnmv2_metadata.pkl", "download_uri": {"url": "https://gitlab.com/sunnypilot/public/docs.sunnyp'
                                               b'ilot.ai5/-/raw/main/models/recompiled14/model-North%20Nevada%20Model%20V2%20%28October%2008%2C%20202'
                                               b'5%29-101/driving_policy_nnmv2_metadata.pkl", "sha256": "aed596d1ea2024bfd320a8b73c2ae06cf876b9383103'
                                               b'c40a0686dda5aa4f5947"}}}, {"type": "vision", "artifact": {"file_name": "driving_vision_nnmv2_tinygra'
                                               b'd.pkl", "download_uri": {"url": "https://gitlab.com/sunnypilot/public/docs.sunnypilot.ai5/-/raw/main'
                                               b'/models/recompiled14/model-North%20Nevada%20Model%20V2%20%28October%2008%2C%202025%29-101/driving_vi'
                                               b'sion_nnmv2_tinygrad.pkl", "sha256": "e6950a427d39831fa761c951a4df4dca188402faf227d6a0b0baf21df95c3f5'
                                               b'c"}}, "metadata": {"file_name": "driving_vision_nnmv2_metadata.pkl", "download_uri": {"url": "https:'
                                               b'//gitlab.com/sunnypilot/public/docs.sunnypilot.ai5/-/raw/main/models/recompiled14/model-North%20Neva'
                                               b'da%20Model%20V2%20%28October%2008%2C%202025%29-101/driving_vision_nnmv2_metadata.pkl", "sha256": "ec'
                                               b'842483cbd798b9f97f6a36a686e46d4f995eb9fa6f83455bb02e9210a02d69"}}}]}, {"short_name": "NID", "display'
                                               b'_name": "Nuggets in Digon (October 09, 2025)", "is_20hz": true, "ref": "13e79e9fad60c19e751e4f9ab053'
                                               b'8d39f1bb54dd", "environment": "development", "runner": "tinygrad", "index": 39, "minimum_selector_ve'
                                               b'rsion": "14", "generation": "12", "build_time": "2026-02-12T22:26:13Z", "overrides": {"folder": "202'
                                               b'5 World Models", "lat": ".1", "long": ".3"}, "models": [{"type": "vision", "artifact": {"file_name":'
                                               b' "driving_vision_nid_tinygrad.pkl", "download_uri": {"url": "https://gitlab.com/sunnypilot/public/do'
                                               b'cs.sunnypilot.ai5/-/raw/main/models/recompiled14/model-Nuggets%20in%20Digon%20%28October%2009%2C%202'
                                               b'025%29-101/driving_vision_nid_tinygrad.pkl", "sha256": "aaef26f2a385259c3bd1c0efe90386d413ab225d546f'
                                               b'757c10bb5a2c7be10ce6"}}, "metadata": {"file_name": "driving_vision_nid_metadata.pkl", "download_uri"'
                                               b': {"url": "https://gitlab.com/sunnypilot/public/docs.sunnypilot.ai5/-/raw/main/models/recompiled14/m'
                                               b'odel-Nuggets%20in%20Digon%20%28October%2009%2C%202025%29-101/driving_vision_nid_metadata.pkl", "sha2'
                                               b'56": "ec842483cbd798b9f97f6a36a686e46d4f995eb9fa6f83455bb02e9210a02d69"}}}, {"type": "policy", "arti'
                                               b'fact": {"file_name": "driving_policy_nid_tinygrad.pkl", "download_uri": {"url": "https://gitlab.com/'
                                               b'sunnypilot/public/docs.sunnypilot.ai5/-/raw/main/models/recompiled14/model-Nuggets%20in%20Digon%20%2'
                                               b'8October%2009%2C%202025%29-101/driving_policy_nid_tinygrad.pkl", "sha256": "99159ef37b8a006535cba55b'
                                               b'41759a62a711e29a8509a343000ea87964a9f659"}}, "metadata": {"file_name": "driving_policy_nid_metadata.'
                                               b'pkl", "download_uri": {"url": "https://gitlab.com/sunnypilot/public/docs.sunnypilot.ai5/-/raw/main/m'
                                               b'odels/recompiled14/model-Nuggets%20in%20Digon%20%28October%2009%2C%202025%29-101/driving_policy_nid_'
                                               b'metadata.pkl", "sha256": "14bebf8e4c68d0a8c7a8c6876edcf31ace8e58a762573de4aeee430ae41777cf"}}}]}, {"'
                                               b'short_name": "TCPMV2", "display_name": "The Cool Peoples Model v2 (October 09, 2025)", "is_20hz": tr'
                                               b'ue, "ref": "19084132cd3956413a0fdfcdc18971a55df5e0ff", "environment": "development", "runner": "tiny'
                                               b'grad", "index": 40, "minimum_selector_version": "14", "generation": "12", "build_time": "2026-02-12T'
                                               b'22:07:18Z", "overrides": {"folder": "2025 World Models", "lat": ".1", "long": ".3"}, "models": [{"ty'
                                               b'pe": "vision", "artifact": {"file_name": "driving_vision_tcpmv2_tinygrad.pkl", "download_uri": {"url'
                                               b'": "https://gitlab.com/sunnypilot/public/docs.sunnypilot.ai5/-/raw/main/models/recompiled14/model-Th'
                                               b'e%20Cool%20Peoples%20Model%20v2%20%28October%2009%2C%202025%29-101/driving_vision_tcpmv2_tinygrad.pk'
                                               b'l", "sha256": "d689e13121f7bf22dcd6c6b43cb63d1e39118603a11a82c262f50425571c0c69"}}, "metadata": {"fi'
                                               b'le_name": "driving_vision_tcpmv2_metadata.pkl", "download_uri": {"url": "https://gitlab.com/sunnypil'
                                               b'ot/public/docs.sunnypilot.ai5/-/raw/main/models/recompiled14/model-The%20Cool%20Peoples%20Model%20v2'
                                               b'%20%28October%2009%2C%202025%29-101/driving_vision_tcpmv2_metadata.pkl", "sha256": "ec842483cbd798b9'
                                               b'f97f6a36a686e46d4f995eb9fa6f83455bb02e9210a02d69"}}}, {"type": "policy", "artifact": {"file_name": "'
                                               b'driving_policy_tcpmv2_tinygrad.pkl", "download_uri": {"url": "https://gitlab.com/sunnypilot/public/d'
                                               b'ocs.sunnypilot.ai5/-/raw/main/models/recompiled14/model-The%20Cool%20Peoples%20Model%20v2%20%28Octob'
                                               b'er%2009%2C%202025%29-101/driving_policy_tcpmv2_tinygrad.pkl", "sha256": "7885f39b1cce27220f71f187f29'
                                               b'375b35e0e76107602aef2a166291f090244c6"}}, "metadata": {"file_name": "driving_policy_tcpmv2_metadata.'
                                               b'pkl", "download_uri": {"url": "https://gitlab.com/sunnypilot/public/docs.sunnypilot.ai5/-/raw/main/m'
                                               b'odels/recompiled14/model-The%20Cool%20Peoples%20Model%20v2%20%28October%2009%2C%202025%29-101/drivin'
                                               b'g_policy_tcpmv2_metadata.pkl", "sha256": "324e3e1f83b0fe7158f75083e3aa9b630d0bf03f1a14b261e1cbc14dbc'
                                               b'edc805"}}}]}, {"short_name": "TCPMV3", "display_name": "The Cool Peoples Model v3 (October 10, 2025)'
                                               b'", "is_20hz": true, "ref": "5eb912c025a2207c7d428deee74ded49e5905527", "environment": "release", "ru'
                                               b'nner": "tinygrad", "index": 41, "minimum_selector_version": "14", "generation": "12", "build_time": '
                                               b'"2026-02-12T21:31:09Z", "overrides": {"folder": "Release Models", "lat": ".1", "long": ".3"}, "model'
                                               b's": [{"type": "policy", "artifact": {"file_name": "driving_policy_tcpmv3_tinygrad.pkl", "download_ur'
                                               b'i": {"url": "https://gitlab.com/sunnypilot/public/docs.sunnypilot.ai5/-/raw/main/models/recompiled14'
                                               b'/model-The%20Cool%20Peoples%20Model%20v3%20%28October%2010%2C%202025%29-101/driving_policy_tcpmv3_ti'
                                               b'nygrad.pkl", "sha256": "96081db4be528d96ee82874659fe449f179fdd175de43dc3a421fcf0ef89a13b"}}, "metada'
                                               b'ta": {"file_name": "driving_policy_tcpmv3_metadata.pkl", "download_uri": {"url": "https://gitlab.com'
                                               b'/sunnypilot/public/docs.sunnypilot.ai5/-/raw/main/models/recompiled14/model-The%20Cool%20Peoples%20M'
                                               b'odel%20v3%20%28October%2010%2C%202025%29-101/driving_policy_tcpmv3_metadata.pkl", "sha256": "97fd579'
                                               b'505c1308ff8091f141a93d2471e7366e04054137db7d83ffca9b9503f"}}}, {"type": "vision", "artifact": {"file'
                                               b'_name": "driving_vision_tcpmv3_tinygrad.pkl", "download_uri": {"url": "https://gitlab.com/sunnypilot'
                                               b'/public/docs.sunnypilot.ai5/-/raw/main/models/recompiled14/model-The%20Cool%20Peoples%20Model%20v3%2'
                                               b'0%28October%2010%2C%202025%29-101/driving_vision_tcpmv3_tinygrad.pkl", "sha256": "de7509a6aa4df0f857'
                                               b'40f3f61a6cac9db63b49a84e3760156a55e7ee4153140e"}}, "metadata": {"file_name": "driving_vision_tcpmv3_'
                                               b'metadata.pkl", "download_uri": {"url": "https://gitlab.com/sunnypilot/public/docs.sunnypilot.ai5/-/r'
                                               b'aw/main/models/recompiled14/model-The%20Cool%20Peoples%20Model%20v3%20%28October%2010%2C%202025%29-1'
                                               b'01/driving_vision_tcpmv3_metadata.pkl", "sha256": "ec842483cbd798b9f97f6a36a686e46d4f995eb9fa6f83455'
                                               b'bb02e9210a02d69"}}}]}, {"short_name": "GWMV9", "display_name": "GWM V9 (October 21, 2025)", "is_20hz'
                                               b'": true, "ref": "f2413040a8560c0c17c18353a3c75124a2f09d17", "environment": "development", "runner": '
                                               b'"tinygrad", "index": 42, "minimum_selector_version": "14", "generation": "12", "build_time": "2026-0'
                                               b'2-12T22:12:25Z", "overrides": {"folder": "2025 World Models", "lat": ".1", "long": ".3"}, "models": '
                                               b'[{"type": "policy", "artifact": {"file_name": "driving_policy_gwmv9_tinygrad.pkl", "download_uri": {'
                                               b'"url": "https://gitlab.com/sunnypilot/public/docs.sunnypilot.ai5/-/raw/main/models/recompiled14/mode'
                                               b'l-GWM%20V9%20%28October%2021%2C%202025%29-101/driving_policy_gwmv9_tinygrad.pkl", "sha256": "4413795'
                                               b'336960c0c13e05d2458bba359d389e12ec44360e6a3bc3787607a50f6"}}, "metadata": {"file_name": "driving_pol'
                                               b'icy_gwmv9_metadata.pkl", "download_uri": {"url": "https://gitlab.com/sunnypilot/public/docs.sunnypil'
                                               b'ot.ai5/-/raw/main/models/recompiled14/model-GWM%20V9%20%28October%2021%2C%202025%29-101/driving_poli'
                                               b'cy_gwmv9_metadata.pkl", "sha256": "fe1250c3149ed6c832927751007f868c86b17c87ab95ae0dcacd5aa81f026d5a"'
                                               b'}}}, {"type": "vision", "artifact": {"file_name": "driving_vision_gwmv9_tinygrad.pkl", "download_uri'
                                               b'": {"url": "https://gitlab.com/sunnypilot/public/docs.sunnypilot.ai5/-/raw/main/models/recompiled14/'
                                               b'model-GWM%20V9%20%28October%2021%2C%202025%29-101/driving_vision_gwmv9_tinygrad.pkl", "sha256": "29f'
                                               b'cab4eb1d98017726f3f4bec11c5ae8b07439147223579291dfbc2dc081321"}}, "metadata": {"file_name": "driving'
                                               b'_vision_gwmv9_metadata.pkl", "download_uri": {"url": "https://gitlab.com/sunnypilot/public/docs.sunn'
                                               b'ypilot.ai5/-/raw/main/models/recompiled14/model-GWM%20V9%20%28October%2021%2C%202025%29-101/driving_'
                                               b'vision_gwmv9_metadata.pkl", "sha256": "ec842483cbd798b9f97f6a36a686e46d4f995eb9fa6f83455bb02e9210a02'
                                               b'd69"}}}]}, {"short_name": "CGWM", "display_name": "Cool GWM  (October 24, 2025)", "is_20hz": true, "'
                                               b'ref": "94dd3bd9107cd413ed2418f9e6c0cf805a9ca495", "environment": "development", "runner": "tinygrad"'
                                               b', "index": 43, "minimum_selector_version": "14", "generation": "12", "build_time": "2026-02-12T20:47'
                                               b':27Z", "overrides": {"folder": "2025 World Models", "lat": ".1", "long": ".3"}, "models": [{"type": '
                                               b'"policy", "artifact": {"file_name": "driving_policy_cgwm_tinygrad.pkl", "download_uri": {"url": "htt'
                                               b'ps://gitlab.com/sunnypilot/public/docs.sunnypilot.ai5/-/raw/main/models/recompiled14/model-Cool%20GW'
                                               b'M%20%20%28October%2024%2C%202025%29-101/driving_policy_cgwm_tinygrad.pkl", "sha256": "e78080ac36e1fb'
                                               b'dfaa756415c7bb1ec8650d8088dbe3b7039e0d0db9795aa1c7"}}, "metadata": {"file_name": "driving_policy_cgw'
                                               b'm_metadata.pkl", "download_uri": {"url": "https://gitlab.com/sunnypilot/public/docs.sunnypilot.ai5/-'
                                               b'/raw/main/models/recompiled14/model-Cool%20GWM%20%20%28October%2024%2C%202025%29-101/driving_policy_'
                                               b'cgwm_metadata.pkl", "sha256": "501b5f23ff302a7dbb510a1c01466391975705288697cb077166cb548b1b39ec"}}},'
                                               b' {"type": "vision", "artifact": {"file_name": "driving_vision_cgwm_tinygrad.pkl", "download_uri": {"'
                                               b'url": "https://gitlab.com/sunnypilot/public/docs.sunnypilot.ai5/-/raw/main/models/recompiled14/model'
                                               b'-Cool%20GWM%20%20%28October%2024%2C%202025%29-101/driving_vision_cgwm_tinygrad.pkl", "sha256": "2bfd'
                                               b'3560510ab99a3b08938545ecd6432f374833cf58ce30574abc2c1d26093a"}}, "metadata": {"file_name": "driving_'
                                               b'vision_cgwm_metadata.pkl", "download_uri": {"url": "https://gitlab.com/sunnypilot/public/docs.sunnyp'
                                               b'ilot.ai5/-/raw/main/models/recompiled14/model-Cool%20GWM%20%20%28October%2024%2C%202025%29-101/drivi'
                                               b'ng_vision_cgwm_metadata.pkl", "sha256": "ec842483cbd798b9f97f6a36a686e46d4f995eb9fa6f83455bb02e9210a'
                                               b'02d69"}}}]}, {"short_name": "NDM", "display_name": "Neurips Driving Model (November 12, 2025)", "is_'
                                               b'20hz": true, "ref": "266b642180f0e9278e1db46ccf8c1a2a8dae4bb3", "environment": "development", "runne'
                                               b'r": "tinygrad", "index": 44, "minimum_selector_version": "14", "generation": "12", "build_time": "20'
                                               b'26-02-12T21:44:55Z", "overrides": {"folder": "2025 World Models", "lat": ".1", "long": ".3"}, "model'
                                               b's": [{"type": "vision", "artifact": {"file_name": "driving_vision_ndm_tinygrad.pkl", "download_uri":'
                                               b' {"url": "https://gitlab.com/sunnypilot/public/docs.sunnypilot.ai5/-/raw/main/models/recompiled14/mo'
                                               b'del-Neurips%20Driving%20Model%20%28November%2012%2C%202025%29-101/driving_vision_ndm_tinygrad.pkl", '
                                               b'"sha256": "a132ab57089da58ad149131a8ad135d8036274793d013eded1cc9baddd1323bc"}}, "metadata": {"file_n'
                                               b'ame": "driving_vision_ndm_metadata.pkl", "download_uri": {"url": "https://gitlab.com/sunnypilot/publ'
                                               b'ic/docs.sunnypilot.ai5/-/raw/main/models/recompiled14/model-Neurips%20Driving%20Model%20%28November%'
                                               b'2012%2C%202025%29-101/driving_vision_ndm_metadata.pkl", "sha256": "ec842483cbd798b9f97f6a36a686e46d4'
                                               b'f995eb9fa6f83455bb02e9210a02d69"}}}, {"type": "policy", "artifact": {"file_name": "driving_policy_nd'
                                               b'm_tinygrad.pkl", "download_uri": {"url": "https://gitlab.com/sunnypilot/public/docs.sunnypilot.ai5/-'
                                               b'/raw/main/models/recompiled14/model-Neurips%20Driving%20Model%20%28November%2012%2C%202025%29-101/dr'
                                               b'iving_policy_ndm_tinygrad.pkl", "sha256": "b0b0cea82cb8e09ce705e6a154df2dbbf121f2adc972d2446e8cb20e6'
                                               b'87e0915"}}, "metadata": {"file_name": "driving_policy_ndm_metadata.pkl", "download_uri": {"url": "ht'
                                               b'tps://gitlab.com/sunnypilot/public/docs.sunnypilot.ai5/-/raw/main/models/recompiled14/model-Neurips%'
                                               b'20Driving%20Model%20%28November%2012%2C%202025%29-101/driving_policy_ndm_metadata.pkl", "sha256": "9'
                                               b'7fd579505c1308ff8091f141a93d2471e7366e04054137db7d83ffca9b9503f"}}}]}, {"short_name": "NDMV2", "disp'
                                               b'lay_name": "Neurips Driving Model v2 (November 12, 2025)", "is_20hz": true, "ref": "c00ebef3269415d8'
                                               b'0800d10d255479e4006bf152", "environment": "development", "runner": "tinygrad", "index": 45, "minimum'
                                               b'_selector_version": "14", "generation": "12", "build_time": "2026-02-12T21:40:38Z", "overrides": {"f'
                                               b'older": "2025 World Models", "lat": ".1", "long": ".3"}, "models": [{"type": "vision", "artifact": {'
                                               b'"file_name": "driving_vision_ndmv2_tinygrad.pkl", "download_uri": {"url": "https://gitlab.com/sunnyp'
                                               b'ilot/public/docs.sunnypilot.ai5/-/raw/main/models/recompiled14/model-Neurips%20Driving%20Model%20v2%'
                                               b'20%28November%2012%2C%202025%29-101/driving_vision_ndmv2_tinygrad.pkl", "sha256": "e2409c021ee2e2a7c'
                                               b'ed2e4966327a5fb53d0cf7ec1b78d01dab1c8c456cab891"}}, "metadata": {"file_name": "driving_vision_ndmv2_'
                                               b'metadata.pkl", "download_uri": {"url": "https://gitlab.com/sunnypilot/public/docs.sunnypilot.ai5/-/r'
                                               b'aw/main/models/recompiled14/model-Neurips%20Driving%20Model%20v2%20%28November%2012%2C%202025%29-101'
                                               b'/driving_vision_ndmv2_metadata.pkl", "sha256": "ec842483cbd798b9f97f6a36a686e46d4f995eb9fa6f83455bb0'
                                               b'2e9210a02d69"}}}, {"type": "policy", "artifact": {"file_name": "driving_policy_ndmv2_tinygrad.pkl", '
                                               b'"download_uri": {"url": "https://gitlab.com/sunnypilot/public/docs.sunnypilot.ai5/-/raw/main/models/'
                                               b'recompiled14/model-Neurips%20Driving%20Model%20v2%20%28November%2012%2C%202025%29-101/driving_policy'
                                               b'_ndmv2_tinygrad.pkl", "sha256": "3cb836a67abd550049e45c92be1bd56a10507ce6a5977aa00c0e074b9fe8f568"}}'
                                               b', "metadata": {"file_name": "driving_policy_ndmv2_metadata.pkl", "download_uri": {"url": "https://gi'
                                               b'tlab.com/sunnypilot/public/docs.sunnypilot.ai5/-/raw/main/models/recompiled14/model-Neurips%20Drivin'
                                               b'g%20Model%20v2%20%28November%2012%2C%202025%29-101/driving_policy_ndmv2_metadata.pkl", "sha256": "97'
                                               b'fd579505c1308ff8091f141a93d2471e7366e04054137db7d83ffca9b9503f"}}}]}, {"short_name": "PM", "display_'
                                               b'name": "Planplus Model (November 28, 2025)", "is_20hz": true, "ref": "671ac1084cedc82bca49f82bdd8c27'
                                               b'f4d2506190", "environment": "development", "runner": "tinygrad", "index": 46, "minimum_selector_vers'
                                               b'ion": "14", "generation": "12", "build_time": "2026-02-12T20:13:15Z", "overrides": {"folder": "2025 '
                                               b'World Models", "lat": ".1", "long": ".3"}, "models": [{"type": "policy", "artifact": {"file_name": "'
                                               b'driving_policy_pm_tinygrad.pkl", "download_uri": {"url": "https://gitlab.com/sunnypilot/public/docs.'
                                               b'sunnypilot.ai5/-/raw/main/models/recompiled14/model-Planplus%20Model%20%28November%2028%2C%202025%29'
                                               b'-101/driving_policy_pm_tinygrad.pkl", "sha256": "fdc3e5fbbe487d5e4cb9d904e5e746873106013c97d3d6135b4'
                                               b'e256117e093cd"}}, "metadata": {"file_name": "driving_policy_pm_metadata.pkl", "download_uri": {"url"'
                                               b': "https://gitlab.com/sunnypilot/public/docs.sunnypilot.ai5/-/raw/main/models/recompiled14/model-Pla'
                                               b'nplus%20Model%20%28November%2028%2C%202025%29-101/driving_policy_pm_metadata.pkl", "sha256": "b98063'
                                               b'969a89db08e719cf9bf4443441f40353b5b9d7d43f5a9ccca770e2cdc3"}}}, {"type": "vision", "artifact": {"fil'
                                               b'e_name": "driving_vision_pm_tinygrad.pkl", "download_uri": {"url": "https://gitlab.com/sunnypilot/pu'
                                               b'blic/docs.sunnypilot.ai5/-/raw/main/models/recompiled14/model-Planplus%20Model%20%28November%2028%2C'
                                               b'%202025%29-101/driving_vision_pm_tinygrad.pkl", "sha256": "e89d8fdac8bb5a5d9cff6d1e140bfc66e07f938d5'
                                               b'5ca0386d3c0fbba281b754d"}}, "metadata": {"file_name": "driving_vision_pm_metadata.pkl", "download_ur'
                                               b'i": {"url": "https://gitlab.com/sunnypilot/public/docs.sunnypilot.ai5/-/raw/main/models/recompiled14'
                                               b'/model-Planplus%20Model%20%28November%2028%2C%202025%29-101/driving_vision_pm_metadata.pkl", "sha256'
                                               b'": "ec842483cbd798b9f97f6a36a686e46d4f995eb9fa6f83455bb02e9210a02d69"}}}]}, {"short_name": "DSM", "d'
                                               b'isplay_name": "Dark Souls Model (December 03, 2025)", "is_20hz": true, "ref": "ba783b9f913de08981659'
                                               b'8aa367a30499727a0ce", "environment": "master", "runner": "tinygrad", "index": 47, "minimum_selector_'
                                               b'version": "14", "generation": "12", "build_time": "2026-02-12T21:53:33Z", "overrides": {"folder": "M'
                                               b'aster Models", "lat": ".1", "long": ".3"}, "models": [{"type": "policy", "artifact": {"file_name": "'
                                               b'driving_policy_dsm_tinygrad.pkl", "download_uri": {"url": "https://gitlab.com/sunnypilot/public/docs'
                                               b'.sunnypilot.ai5/-/raw/main/models/recompiled14/model-Dark%20Souls%20Model%20%28December%2003%2C%2020'
                                               b'25%29-101/driving_policy_dsm_tinygrad.pkl", "sha256": "19c2b194c88cd3e19f930ffaf08eb27a7f3f0a7fcc72c'
                                               b'4f12af4fe6e2dd8aae1"}}, "metadata": {"file_name": "driving_policy_dsm_metadata.pkl", "download_uri":'
                                               b' {"url": "https://gitlab.com/sunnypilot/public/docs.sunnypilot.ai5/-/raw/main/models/recompiled14/mo'
                                               b'del-Dark%20Souls%20Model%20%28December%2003%2C%202025%29-101/driving_policy_dsm_metadata.pkl", "sha2'
                                               b'56": "3dea30b0275ebe66f361b76254264f6add80634b4ad7819e4406ff1f57bc29d9"}}}, {"type": "vision", "arti'
                                               b'fact": {"file_name": "driving_vision_dsm_tinygrad.pkl", "download_uri": {"url": "https://gitlab.com/'
                                               b'sunnypilot/public/docs.sunnypilot.ai5/-/raw/main/models/recompiled14/model-Dark%20Souls%20Model%20%2'
                                               b'8December%2003%2C%202025%29-101/driving_vision_dsm_tinygrad.pkl", "sha256": "3f1194259cc1c2671615aa2'
                                               b'b6ee26b08e64923a7fd2fc79581abf16f2297cd72"}}, "metadata": {"file_name": "driving_vision_dsm_metadata'
                                               b'.pkl", "download_uri": {"url": "https://gitlab.com/sunnypilot/public/docs.sunnypilot.ai5/-/raw/main/'
                                               b'models/recompiled14/model-Dark%20Souls%20Model%20%28December%2003%2C%202025%29-101/driving_vision_ds'
                                               b'm_metadata.pkl", "sha256": "58cba021537117dfb87b479356fd526c4bb54b46aa316e364f585129a191f5b2"}}}]}, '
                                               b'{"short_name": "PLANPLUSV2", "display_name": "Planplus v2 (December 11, 2025)", "is_20hz": true, "re'
                                               b'f": "50c78a9dd670a305ca898b96245cadbc2ecdc1a6", "environment": "development", "runner": "tinygrad", '
                                               b'"index": 48, "minimum_selector_version": "14", "generation": "12", "build_time": "2026-02-12T19:46:2'
                                               b'5Z", "overrides": {"folder": "2025 World Models", "lat": ".1", "long": ".3"}, "models": [{"type": "p'
                                               b'olicy", "artifact": {"file_name": "driving_policy_planplus_tinygrad.pkl", "download_uri": {"url": "h'
                                               b'ttps://gitlab.com/sunnypilot/public/docs.sunnypilot.ai5/-/raw/main/models/recompiled14/model-Planplu'
                                               b's%20v2%20%28December%2011%2C%202025%29-101/driving_policy_planplus_tinygrad.pkl", "sha256": "cc0dbc2'
                                               b'50ddd160caad277722cfd76ac629f4e4465a22eca0cabc00805035b8f"}}, "metadata": {"file_name": "driving_pol'
                                               b'icy_planplus_metadata.pkl", "download_uri": {"url": "https://gitlab.com/sunnypilot/public/docs.sunny'
                                               b'pilot.ai5/-/raw/main/models/recompiled14/model-Planplus%20v2%20%28December%2011%2C%202025%29-101/dri'
                                               b'ving_policy_planplus_metadata.pkl", "sha256": "b98063969a89db08e719cf9bf4443441f40353b5b9d7d43f5a9cc'
                                               b'ca770e2cdc3"}}}, {"type": "vision", "artifact": {"file_name": "driving_vision_planplus_tinygrad.pkl"'
                                               b', "download_uri": {"url": "https://gitlab.com/sunnypilot/public/docs.sunnypilot.ai5/-/raw/main/model'
                                               b's/recompiled14/model-Planplus%20v2%20%28December%2011%2C%202025%29-101/driving_vision_planplus_tinyg'
                                               b'rad.pkl", "sha256": "7c49b99288a32787f0420950605579203386e129e3872ab35a36750147a9c576"}}, "metadata"'
                                               b': {"file_name": "driving_vision_planplus_metadata.pkl", "download_uri": {"url": "https://gitlab.com/'
                                               b'sunnypilot/public/docs.sunnypilot.ai5/-/raw/main/models/recompiled14/model-Planplus%20v2%20%28Decemb'
                                               b'er%2011%2C%202025%29-101/driving_vision_planplus_metadata.pkl", "sha256": "ec842483cbd798b9f97f6a36a'
                                               b'686e46d4f995eb9fa6f83455bb02e9210a02d69"}}}]}, {"short_name": "DSMV2", "display_name": "Dark Souls M'
                                               b'odel v2 (December 11, 2025)", "is_20hz": true, "ref": "5ff0e48f90d662d8c9d5061adc63e90c198c9b81", "e'
                                               b'nvironment": "master", "runner": "tinygrad", "index": 49, "minimum_selector_version": "14", "generat'
                                               b'ion": "12", "build_time": "2026-02-12T21:01:04Z", "overrides": {"folder": "Master Models", "lat": ".'
                                               b'1", "long": ".3"}, "models": [{"type": "policy", "artifact": {"file_name": "driving_policy_dsmv2_tin'
                                               b'ygrad.pkl", "download_uri": {"url": "https://gitlab.com/sunnypilot/public/docs.sunnypilot.ai5/-/raw/'
                                               b'main/models/recompiled14/model-Dark%20Souls%20Model%20v2%20%28December%2011%2C%202025%29-101/driving'
                                               b'_policy_dsmv2_tinygrad.pkl", "sha256": "61cc94d1b6efa7722af4313dfd56b3644008262c23da214332929aaee8a3'
                                               b'e734"}}, "metadata": {"file_name": "driving_policy_dsmv2_metadata.pkl", "download_uri": {"url": "htt'
                                               b'ps://gitlab.com/sunnypilot/public/docs.sunnypilot.ai5/-/raw/main/models/recompiled14/model-Dark%20So'
                                               b'uls%20Model%20v2%20%28December%2011%2C%202025%29-101/driving_policy_dsmv2_metadata.pkl", "sha256": "'
                                               b'c7d95406d66e129859cffec59f179fd5bc1eca6941211b11f589bfe424dc9cf1"}}}, {"type": "vision", "artifact":'
                                               b' {"file_name": "driving_vision_dsmv2_tinygrad.pkl", "download_uri": {"url": "https://gitlab.com/sunn'
                                               b'ypilot/public/docs.sunnypilot.ai5/-/raw/main/models/recompiled14/model-Dark%20Souls%20Model%20v2%20%'
                                               b'28December%2011%2C%202025%29-101/driving_vision_dsmv2_tinygrad.pkl", "sha256": "3c8c64da0113b5df01a7'
                                               b'3beac0d74c6f92de3ce3a18b93b4d90a76752066c87b"}}, "metadata": {"file_name": "driving_vision_dsmv2_met'
                                               b'adata.pkl", "download_uri": {"url": "https://gitlab.com/sunnypilot/public/docs.sunnypilot.ai5/-/raw/'
                                               b'main/models/recompiled14/model-Dark%20Souls%20Model%20v2%20%28December%2011%2C%202025%29-101/driving'
                                               b'_vision_dsmv2_metadata.pkl", "sha256": "a2be39088d38550e818f5ac1c6300a64605ba0bd0676a27fe7bbea9fddae'
                                               b'90a1"}}}]}, {"short_name": "MM", "display_name": "Macrostiff Model (January 01, 2026)", "is_20hz": t'
                                               b'rue, "ref": "d70b13931793bc0e4d8efd36128dd66f227a3f81", "environment": "development", "runner": "tin'
                                               b'ygrad", "index": 50, "minimum_selector_version": "14", "generation": "12", "build_time": "2026-02-12'
                                               b'T20:34:34Z", "overrides": {"folder": "2026 World Models", "lat": ".1", "long": ".3"}, "models": [{"t'
                                               b'ype": "policy", "artifact": {"file_name": "driving_policy_mm_tinygrad.pkl", "download_uri": {"url": '
                                               b'"https://gitlab.com/sunnypilot/public/docs.sunnypilot.ai5/-/raw/main/models/recompiled14/model-Macro'
                                               b'stiff%20Model%20%28January%2001%2C%202026%29-101/driving_policy_mm_tinygrad.pkl", "sha256": "0460d74'
                                               b'c5894e72cac1d12741f2a65ce2cb067b629cd9b5260e640cf442c9737"}}, "metadata": {"file_name": "driving_pol'
                                               b'icy_mm_metadata.pkl", "download_uri": {"url": "https://gitlab.com/sunnypilot/public/docs.sunnypilot.'
                                               b'ai5/-/raw/main/models/recompiled14/model-Macrostiff%20Model%20%28January%2001%2C%202026%29-101/drivi'
                                               b'ng_policy_mm_metadata.pkl", "sha256": "f300f1ce0206710bd842ac7f3dba7f82a5fb5d9ee397d7e4ca7a93d2ab5c1'
                                               b'161"}}}, {"type": "vision", "artifact": {"file_name": "driving_vision_mm_tinygrad.pkl", "download_ur'
                                               b'i": {"url": "https://gitlab.com/sunnypilot/public/docs.sunnypilot.ai5/-/raw/main/models/recompiled14'
                                               b'/model-Macrostiff%20Model%20%28January%2001%2C%202026%29-101/driving_vision_mm_tinygrad.pkl", "sha25'
                                               b'6": "2fbccca0d339855055218b94a14bd906546064d335fbcf07b710e8af0a22eebe"}}, "metadata": {"file_name": '
                                               b'"driving_vision_mm_metadata.pkl", "download_uri": {"url": "https://gitlab.com/sunnypilot/public/docs'
                                               b'.sunnypilot.ai5/-/raw/main/models/recompiled14/model-Macrostiff%20Model%20%28January%2001%2C%202026%'
                                               b'29-101/driving_vision_mm_metadata.pkl", "sha256": "a2be39088d38550e818f5ac1c6300a64605ba0bd0676a27fe'
                                               b'7bbea9fddae90a1"}}}]}, {"short_name": "WMIV9", "display_name": "WMI V9 (January 07, 2026)", "is_20hz'
                                               b'": true, "ref": "8950897d7e4d2ba2426b2b31cf29f25e87a3d4ba", "environment": "development", "runner": '
                                               b'"tinygrad", "index": 51, "minimum_selector_version": "14", "generation": "12", "build_time": "2026-0'
                                               b'2-12T22:59:34Z", "overrides": {"folder": "2026 World Models", "lat": ".1", "long": ".3"}, "models": '
                                               b'[{"type": "policy", "artifact": {"file_name": "driving_policy_wmiv9_tinygrad.pkl", "download_uri": {'
                                               b'"url": "https://gitlab.com/sunnypilot/public/docs.sunnypilot.ai5/-/raw/main/models/recompiled14/mode'
                                               b'l-WMI%20V9%20%28January%2007%2C%202026%29-101/driving_policy_wmiv9_tinygrad.pkl", "sha256": "c1c0a5d'
                                               b'f695b91878677b3034ad801441c7e0d31e50c04a9e00dfe8aaecbbf74"}}, "metadata": {"file_name": "driving_pol'
                                               b'icy_wmiv9_metadata.pkl", "download_uri": {"url": "https://gitlab.com/sunnypilot/public/docs.sunnypil'
                                               b'ot.ai5/-/raw/main/models/recompiled14/model-WMI%20V9%20%28January%2007%2C%202026%29-101/driving_poli'
                                               b'cy_wmiv9_metadata.pkl", "sha256": "9225018f7c5ef3625ce4588bbb194f3060508f4e55ef23199cd101142c6577cf"'
                                               b'}}}, {"type": "vision", "artifact": {"file_name": "driving_vision_wmiv9_tinygrad.pkl", "download_uri'
                                               b'": {"url": "https://gitlab.com/sunnypilot/public/docs.sunnypilot.ai5/-/raw/main/models/recompiled14/'
                                               b'model-WMI%20V9%20%28January%2007%2C%202026%29-101/driving_vision_wmiv9_tinygrad.pkl", "sha256": "8ff'
                                               b'c7950203428657c3964b9c7b2ce7b4f93677995546c70c9c38d0ce95fd66d"}}, "metadata": {"file_name": "driving'
                                               b'_vision_wmiv9_metadata.pkl", "download_uri": {"url": "https://gitlab.com/sunnypilot/public/docs.sunn'
                                               b'ypilot.ai5/-/raw/main/models/recompiled14/model-WMI%20V9%20%28January%2007%2C%202026%29-101/driving_'
                                               b'vision_wmiv9_metadata.pkl", "sha256": "a2be39088d38550e818f5ac1c6300a64605ba0bd0676a27fe7bbea9fddae9'
                                               b'0a1"}}}]}, {"short_name": "SCM", "display_name": "SC Model (January 08, 2026)", "is_20hz": true, "re'
                                               b'f": "e4a4b4b1adf2d19fedab4d195faa382b061fa754", "environment": "development", "runner": "tinygrad", '
                                               b'"index": 52, "minimum_selector_version": "14", "generation": "12", "build_time": "2026-02-12T19:50:4'
                                               b'5Z", "overrides": {"folder": "2026 World Models", "lat": ".0", "long": ".3"}, "models": [{"type": "p'
                                               b'olicy", "artifact": {"file_name": "driving_policy_scm_tinygrad.pkl", "download_uri": {"url": "https:'
                                               b'//gitlab.com/sunnypilot/public/docs.sunnypilot.ai5/-/raw/main/models/recompiled14/model-SC%20Model%2'
                                               b'0%28January%2008%2C%202026%29-101/driving_policy_scm_tinygrad.pkl", "sha256": "30c51b155cdbb10a88ea5'
                                               b'5d1d83f5a31fa479c0c9e3b012fba700556838933de"}}, "metadata": {"file_name": "driving_policy_scm_metada'
                                               b'ta.pkl", "download_uri": {"url": "https://gitlab.com/sunnypilot/public/docs.sunnypilot.ai5/-/raw/mai'
                                               b'n/models/recompiled14/model-SC%20Model%20%28January%2008%2C%202026%29-101/driving_policy_scm_metadat'
                                               b'a.pkl", "sha256": "ad3c6eac0e82aebf9473e4b54c225b8f8f46cc1b3cade20742589b2b8e9e0eba"}}}, {"type": "v'
                                               b'ision", "artifact": {"file_name": "driving_vision_scm_tinygrad.pkl", "download_uri": {"url": "https:'
                                               b'//gitlab.com/sunnypilot/public/docs.sunnypilot.ai5/-/raw/main/models/recompiled14/model-SC%20Model%2'
                                               b'0%28January%2008%2C%202026%29-101/driving_vision_scm_tinygrad.pkl", "sha256": "13304260189c4b4960de8'
                                               b'bdf6d1aedbc074ddde1c8c2f73182684fc4146598f3"}}, "metadata": {"file_name": "driving_vision_scm_metada'
                                               b'ta.pkl", "download_uri": {"url": "https://gitlab.com/sunnypilot/public/docs.sunnypilot.ai5/-/raw/mai'
                                               b'n/models/recompiled14/model-SC%20Model%20%28January%2008%2C%202026%29-101/driving_vision_scm_metadat'
                                               b'a.pkl", "sha256": "a2be39088d38550e818f5ac1c6300a64605ba0bd0676a27fe7bbea9fddae90a1"}}}]}, {"short_n'
                                               b'ame": "WMIV12", "display_name": "WMI V12 (January 13, 2026)", "is_20hz": true, "ref": "7e3fd7a63c5a0'
                                               b'9c3fabe108b1b62bba3cf684878", "environment": "master", "runner": "tinygrad", "index": 53, "minimum_s'
                                               b'elector_version": "14", "generation": "12", "build_time": "2026-02-12T19:55:52Z", "overrides": {"fol'
                                               b'der": "Master Models", "lat": ".0", "long": ".3"}, "models": [{"type": "policy", "artifact": {"file_'
                                               b'name": "driving_policy_wmiv12_tinygrad.pkl", "download_uri": {"url": "https://gitlab.com/sunnypilot/'
                                               b'public/docs.sunnypilot.ai5/-/raw/main/models/recompiled14/model-WMI%20V12%20%28January%2013%2C%20202'
                                               b'6%29-101/driving_policy_wmiv12_tinygrad.pkl", "sha256": "9a7aa6d3669ccb7883319d997e0d4dc93a08c374eb5'
                                               b'fb0d0c4e87f782a4a20a2"}}, "metadata": {"file_name": "driving_policy_wmiv12_metadata.pkl", "download_'
                                               b'uri": {"url": "https://gitlab.com/sunnypilot/public/docs.sunnypilot.ai5/-/raw/main/models/recompiled'
                                               b'14/model-WMI%20V12%20%28January%2013%2C%202026%29-101/driving_policy_wmiv12_metadata.pkl", "sha256":'
                                               b' "15c8c1ad9073424ee1101b1f7170421140ed308ebaa7c917001130fb1760420b"}}}, {"type": "vision", "artifact'
                                               b'": {"file_name": "driving_vision_wmiv12_tinygrad.pkl", "download_uri": {"url": "https://gitlab.com/s'
                                               b'unnypilot/public/docs.sunnypilot.ai5/-/raw/main/models/recompiled14/model-WMI%20V12%20%28January%201'
                                               b'3%2C%202026%29-101/driving_vision_wmiv12_tinygrad.pkl", "sha256": "68feed63db4f41630da311807fc924212'
                                               b'5b47be05a1f7f94b01c4a21f095bc22"}}, "metadata": {"file_name": "driving_vision_wmiv12_metadata.pkl", '
                                               b'"download_uri": {"url": "https://gitlab.com/sunnypilot/public/docs.sunnypilot.ai5/-/raw/main/models/'
                                               b'recompiled14/model-WMI%20V12%20%28January%2013%2C%202026%29-101/driving_vision_wmiv12_metadata.pkl",'
                                               b' "sha256": "a2be39088d38550e818f5ac1c6300a64605ba0bd0676a27fe7bbea9fddae90a1"}}}]}, {"short_name": "'
                                               b'C210M", "display_name": "CD210 Model (January 31, 2026)", "is_20hz": true, "ref": "55f66e2246359c659'
                                               b'3605399a0199d94d13ad90d", "environment": "development", "runner": "tinygrad", "index": 54, "minimum_'
                                               b'selector_version": "14", "generation": "12", "build_time": "2026-02-12T21:58:42Z", "overrides": {"fo'
                                               b'lder": "Release Models", "lat": ".0", "long": ".3"}, "models": [{"type": "policy", "artifact": {"fil'
                                               b'e_name": "driving_policy_c210m_tinygrad.pkl", "download_uri": {"url": "https://gitlab.com/sunnypilot'
                                               b'/public/docs.sunnypilot.ai5/-/raw/main/models/recompiled14/model-CD210%20Model%20%28January%2031%2C%'
                                               b'202026%29-101/driving_policy_c210m_tinygrad.pkl", "sha256": "05c9ba53a525c54f047833c63cc5ad97f984abd'
                                               b'e0220e56e60907b61c9471bfc"}}, "metadata": {"file_name": "driving_policy_c210m_metadata.pkl", "downlo'
                                               b'ad_uri": {"url": "https://gitlab.com/sunnypilot/public/docs.sunnypilot.ai5/-/raw/main/models/recompi'
                                               b'led14/model-CD210%20Model%20%28January%2031%2C%202026%29-101/driving_policy_c210m_metadata.pkl", "sh'
                                               b'a256": "15c8c1ad9073424ee1101b1f7170421140ed308ebaa7c917001130fb1760420b"}}}, {"type": "vision", "ar'
                                               b'tifact": {"file_name": "driving_vision_c210m_tinygrad.pkl", "download_uri": {"url": "https://gitlab.'
                                               b'com/sunnypilot/public/docs.sunnypilot.ai5/-/raw/main/models/recompiled14/model-CD210%20Model%20%28Ja'
                                               b'nuary%2031%2C%202026%29-101/driving_vision_c210m_tinygrad.pkl", "sha256": "7e623bca3e691e6a26d8f9300'
                                               b'5d21c43b3a7dedb259ed79f177231d57f3903c4"}}, "metadata": {"file_name": "driving_vision_c210m_metadata'
                                               b'.pkl", "download_uri": {"url": "https://gitlab.com/sunnypilot/public/docs.sunnypilot.ai5/-/raw/main/'
                                               b'models/recompiled14/model-CD210%20Model%20%28January%2031%2C%202026%29-101/driving_vision_c210m_meta'
                                               b'data.pkl", "sha256": "a2be39088d38550e818f5ac1c6300a64605ba0bd0676a27fe7bbea9fddae90a1"}}}]}, {"shor'
                                               b't_name": "OPM", "display_name": "off policy model (February 04, 2026)", "is_20hz": true, "ref": "d90'
                                               b'758cfaecb2cf13d9098c6aade37e68d6034d2", "environment": "development", "runner": "tinygrad", "index":'
                                               b' 55, "minimum_selector_version": "14", "generation": "12", "build_time": "2026-02-12T22:40:29Z", "ov'
                                               b'errides": {"folder": "2026 World Models", "lat": ".0", "long": ".3"}, "models": [{"type": "policy", '
                                               b'"artifact": {"file_name": "driving_policy_opm_tinygrad.pkl", "download_uri": {"url": "https://gitlab'
                                               b'.com/sunnypilot/public/docs.sunnypilot.ai5/-/raw/main/models/recompiled14/model-off%20policy%20model'
                                               b'%20%28February%2004%2C%202026%29-101/driving_policy_opm_tinygrad.pkl", "sha256": "0f9517878e31f606e1'
                                               b'fce6e951ce529748218a05145ba3c0806eeb974d5df60f"}}, "metadata": {"file_name": "driving_policy_opm_met'
                                               b'adata.pkl", "download_uri": {"url": "https://gitlab.com/sunnypilot/public/docs.sunnypilot.ai5/-/raw/'
                                               b'main/models/recompiled14/model-off%20policy%20model%20%28February%2004%2C%202026%29-101/driving_poli'
                                               b'cy_opm_metadata.pkl", "sha256": "7262de6bfe13cfa79ebd7c194553f8f8016453f4876a8a70ab4f2cceae4c51a4"}}'
                                               b'}, {"type": "vision", "artifact": {"file_name": "driving_vision_opm_tinygrad.pkl", "download_uri": {'
                                               b'"url": "https://gitlab.com/sunnypilot/public/docs.sunnypilot.ai5/-/raw/main/models/recompiled14/mode'
                                               b'l-off%20policy%20model%20%28February%2004%2C%202026%29-101/driving_vision_opm_tinygrad.pkl", "sha256'
                                               b'": "5543a369c2e755cc85c1b20582fc329049d2b4bd96e164f1e46142cac943bfd9"}}, "metadata": {"file_name": "'
                                               b'driving_vision_opm_metadata.pkl", "download_uri": {"url": "https://gitlab.com/sunnypilot/public/docs'
                                               b'.sunnypilot.ai5/-/raw/main/models/recompiled14/model-off%20policy%20model%20%28February%2004%2C%2020'
                                               b'26%29-101/driving_vision_opm_metadata.pkl", "sha256": "69dc464b34315140883042a85d7abc0d3bcf4e452e7c8'
                                               b'5c6b004248670090deb"}}}, {"type": "offPolicy", "artifact": {"file_name": "driving_off_policy_opm_tin'
                                               b'ygrad.pkl", "download_uri": {"url": "https://gitlab.com/sunnypilot/public/docs.sunnypilot.ai5/-/raw/'
                                               b'main/models/recompiled14/model-off%20policy%20model%20%28February%2004%2C%202026%29-101/driving_off_'
                                               b'policy_opm_tinygrad.pkl", "sha256": "54cfcdfca1b600427d1eeaefc757bff25c4b9d4299002f3b88b7bdf4edbb0d9'
                                               b'3"}}, "metadata": {"file_name": "driving_off_policy_opm_metadata.pkl", "download_uri": {"url": "http'
                                               b's://gitlab.com/sunnypilot/public/docs.sunnypilot.ai5/-/raw/main/models/recompiled14/model-off%20poli'
                                               b'cy%20model%20%28February%2004%2C%202026%29-101/driving_off_policy_opm_metadata.pkl", "sha256": "3db8'
                                               b'ece563b18e162d3105d460d66bd1e81179b406f434a2ed35702b15b8e8eb"}}}]}, {"short_name": "OPM v2", "displa'
                                               b'y_name": "Off-policy Model v2 (February 20, 2026)", "is_20hz": true, "ref": "ae34a24c59d85df7efad5fd'
                                               b'e2b760fb6d0b9dd6e", "environment": "development", "runner": "tinygrad", "index": 56, "minimum_select'
                                               b'or_version": "14", "generation": "12", "build_time": "2026-02-21T04:15:38Z", "overrides": {"folder":'
                                               b' "2026 World Models", "lat": ".0", "long": ".3"}, "models": [{"type": "policy", "artifact": {"file_n'
                                               b'ame": "driving_policy_planplus_tinygrad.pkl", "download_uri": {"url": "https://gitlab.com/sunnypilot'
                                               b'/public/docs.sunnypilot.ai5/-/raw/main/models/recompiled14/model-off%20policy%20model%20v2%20%28Febr'
                                               b'uary%2020%2C%202026%29-131/driving_policy_planplus_tinygrad.pkl", "sha256": "e18597b169bea18d79658a1'
                                               b'81788944b5a5b5fcf09669c673cafa73292d6f5f8"}}, "metadata": {"file_name": "driving_policy_planplus_met'
                                               b'adata.pkl", "download_uri": {"url": "https://gitlab.com/sunnypilot/public/docs.sunnypilot.ai5/-/raw/'
                                               b'main/models/recompiled14/model-off%20policy%20model%20v2%20%28February%2020%2C%202026%29-131/driving'
                                               b'_policy_planplus_metadata.pkl", "sha256": "84a8c809f97d005c3ae8d791302fdf8bb66db8262075acd3e0f394f78'
                                               b'dfe094b"}}}, {"type": "vision", "artifact": {"file_name": "driving_vision_planplus_tinygrad.pkl", "d'
                                               b'ownload_uri": {"url": "https://gitlab.com/sunnypilot/public/docs.sunnypilot.ai5/-/raw/main/models/re'
                                               b'compiled14/model-off%20policy%20model%20v2%20%28February%2020%2C%202026%29-131/driving_vision_planpl'
                                               b'us_tinygrad.pkl", "sha256": "cd2af2c0b6d6a0cf54342fcc60f9f0321d26eb4aa646c559cb8188538bd94151"}}, "m'
                                               b'etadata": {"file_name": "driving_vision_planplus_metadata.pkl", "download_uri": {"url": "https://git'
                                               b'lab.com/sunnypilot/public/docs.sunnypilot.ai5/-/raw/main/models/recompiled14/model-off%20policy%20mo'
                                               b'del%20v2%20%28February%2020%2C%202026%29-131/driving_vision_planplus_metadata.pkl", "sha256": "60805'
                                               b'b82b912e6fe5ab6426ae1b8c4dbeacf14a1aa7958d3a876839bce2096f8"}}}, {"type": "offPolicy", "artifact": {'
                                               b'"file_name": "driving_off_policy_planplus_tinygrad.pkl", "download_uri": {"url": "https://gitlab.com'
                                               b'/sunnypilot/public/docs.sunnypilot.ai5/-/raw/main/models/recompiled14/model-off%20policy%20model%20v'
                                               b'2%20%28February%2020%2C%202026%29-131/driving_off_policy_planplus_tinygrad.pkl", "sha256": "5b9e4ec1'
                                               b'e31da1c6e0ce63e48bdd1655172ce9254e5ffd5e74a654ddd990e964"}}, "metadata": {"file_name": "driving_off_'
                                               b'policy_planplus_metadata.pkl", "download_uri": {"url": "https://gitlab.com/sunnypilot/public/docs.su'
                                               b'nnypilot.ai5/-/raw/main/models/recompiled14/model-off%20policy%20model%20v2%20%28February%2020%2C%20'
                                               b'2026%29-131/driving_off_policy_planplus_metadata.pkl", "sha256": "538c8b41e0089f9c7e0964fdaf31efa4d2'
                                               b'776c06ea31c8bfaf7bd650a27d9899"}}}]}, {"short_name": "OPMV3", "display_name": "Off Policy Model v3 ('
                                               b'February 26, 2026)", "is_20hz": true, "ref": "7e548dd765873bed301c0a19cfe10c3ca6be2bbe", "environmen'
                                               b't": "development", "runner": "tinygrad", "index": 57, "minimum_selector_version": "14", "generation"'
                                               b': "12", "build_time": "2026-02-27T00:39:30Z", "overrides": {"folder": "2026 World Models", "lat": ".'
                                               b'0", "long": ".3"}, "models": [{"type": "policy", "artifact": {"file_name": "driving_policy_opmv3_tin'
                                               b'ygrad.pkl", "download_uri": {"url": "https://gitlab.com/sunnypilot/public/docs.sunnypilot.ai5/-/raw/'
                                               b'main/models/recompiled15/model-Off%20Policy%20Model%20v3%20%28February%2026%2C%202026%29-133/driving'
                                               b'_policy_opmv3_tinygrad.pkl", "sha256": "93d8056d35a5d5e25cbc3010b25b633848b4d20b816e34240b285aee3bb6'
                                               b'816c"}}, "metadata": {"file_name": "driving_policy_opmv3_metadata.pkl", "download_uri": {"url": "htt'
                                               b'ps://gitlab.com/sunnypilot/public/docs.sunnypilot.ai5/-/raw/main/models/recompiled15/model-Off%20Pol'
                                               b'icy%20Model%20v3%20%28February%2026%2C%202026%29-133/driving_policy_opmv3_metadata.pkl", "sha256": "'
                                               b'da3db670e0510db1f27546362f578ff17f69e6b5643b4642699b02764fcadd5f"}}}, {"type": "vision", "artifact":'
                                               b' {"file_name": "driving_vision_opmv3_tinygrad.pkl", "download_uri": {"url": "https://gitlab.com/sunn'
                                               b'ypilot/public/docs.sunnypilot.ai5/-/raw/main/models/recompiled15/model-Off%20Policy%20Model%20v3%20%'
                                               b'28February%2026%2C%202026%29-133/driving_vision_opmv3_tinygrad.pkl", "sha256": "c536495c9c8dc0e4b25f'
                                               b'96be7d04bbdf0ed1023a81f3ab3dcdf3be69f4a6a9b0"}}, "metadata": {"file_name": "driving_vision_opmv3_met'
                                               b'adata.pkl", "download_uri": {"url": "https://gitlab.com/sunnypilot/public/docs.sunnypilot.ai5/-/raw/'
                                               b'main/models/recompiled15/model-Off%20Policy%20Model%20v3%20%28February%2026%2C%202026%29-133/driving'
                                               b'_vision_opmv3_metadata.pkl", "sha256": "eca4f7e0f711c4b4cf10b90fd729692cabbfec17db589f1c0b151a15ded8'
                                               b'0065"}}}, {"type": "offPolicy", "artifact": {"file_name": "driving_off_policy_opmv3_tinygrad.pkl", "'
                                               b'download_uri": {"url": "https://gitlab.com/sunnypilot/public/docs.sunnypilot.ai5/-/raw/main/models/r'
                                               b'ecompiled15/model-Off%20Policy%20Model%20v3%20%28February%2026%2C%202026%29-133/driving_off_policy_o'
                                               b'pmv3_tinygrad.pkl", "sha256": "a48064c1f238e5fcccc1e96723207bdd34a0ed276015fffce7559c403579f3c4"}}, '
                                               b'"metadata": {"file_name": "driving_off_policy_opmv3_metadata.pkl", "download_uri": {"url": "https://'
                                               b'gitlab.com/sunnypilot/public/docs.sunnypilot.ai5/-/raw/main/models/recompiled15/model-Off%20Policy%2'
                                               b'0Model%20v3%20%28February%2026%2C%202026%29-133/driving_off_policy_opmv3_metadata.pkl", "sha256": "c'
                                               b'0114ad7765847ec54dd504fc6657f93035473fc673ce695f94d5adeb7ce67e4"}}}]}, {"short_name": "OMV4", "displ'
                                               b'ay_name": "Off-Policy Model V4 (February 27, 2026)", "is_20hz": true, "ref": "25abcc49fce2f6268d8cab'
                                               b'f759e31c626edbf584", "environment": "development", "runner": "tinygrad", "index": 58, "minimum_selec'
                                               b'tor_version": "15", "generation": "12", "build_time": "2026-02-28T15:12:56Z", "overrides": {"folder"'
                                               b': "2026 World Models", "lat": ".0", "long": ".3"}, "models": [{"type": "policy", "artifact": {"file_'
                                               b'name": "driving_policy_omv4_tinygrad.pkl", "download_uri": {"url": "https://gitlab.com/sunnypilot/pu'
                                               b'blic/docs.sunnypilot.ai5/-/raw/main/models/recompiled15/model-Off-Policy%20Model%20V4%20%28February%'
                                               b'2027%2C%202026%29-135/driving_policy_omv4_tinygrad.pkl", "sha256": "31c730f708124cd2acde5059f4e0a2f3'
                                               b'2b3999aac5693e1b9959467cf0d0599f"}}, "metadata": {"file_name": "driving_policy_omv4_metadata.pkl", "'
                                               b'download_uri": {"url": "https://gitlab.com/sunnypilot/public/docs.sunnypilot.ai5/-/raw/main/models/r'
                                               b'ecompiled15/model-Off-Policy%20Model%20V4%20%28February%2027%2C%202026%29-135/driving_policy_omv4_me'
                                               b'tadata.pkl", "sha256": "aa058063988752437f7279f008d43aebdb2c0f5169165b494331156ba01c17b5"}}}, {"type'
                                               b'": "vision", "artifact": {"file_name": "driving_vision_omv4_tinygrad.pkl", "download_uri": {"url": "'
                                               b'https://gitlab.com/sunnypilot/public/docs.sunnypilot.ai5/-/raw/main/models/recompiled15/model-Off-Po'
                                               b'licy%20Model%20V4%20%28February%2027%2C%202026%29-135/driving_vision_omv4_tinygrad.pkl", "sha256": "'
                                               b'0c8c48a48a38eba6eed816c55fcc0161e707f8d76c9c02df5053e0eb909d3426"}}, "metadata": {"file_name": "driv'
                                               b'ing_vision_omv4_metadata.pkl", "download_uri": {"url": "https://gitlab.com/sunnypilot/public/docs.su'
                                               b'nnypilot.ai5/-/raw/main/models/recompiled15/model-Off-Policy%20Model%20V4%20%28February%2027%2C%2020'
                                               b'26%29-135/driving_vision_omv4_metadata.pkl", "sha256": "eca4f7e0f711c4b4cf10b90fd729692cabbfec17db58'
                                               b'9f1c0b151a15ded80065"}}}, {"type": "offPolicy", "artifact": {"file_name": "driving_off_policy_omv4_t'
                                               b'inygrad.pkl", "download_uri": {"url": "https://gitlab.com/sunnypilot/public/docs.sunnypilot.ai5/-/ra'
                                               b'w/main/models/recompiled15/model-Off-Policy%20Model%20V4%20%28February%2027%2C%202026%29-135/driving'
                                               b'_off_policy_omv4_tinygrad.pkl", "sha256": "2700df46e32fb9e22c1f017321cc89d976904cc688a071e0b6dc49dbf'
                                               b'01091b7"}}, "metadata": {"file_name": "driving_off_policy_omv4_metadata.pkl", "download_uri": {"url"'
                                               b': "https://gitlab.com/sunnypilot/public/docs.sunnypilot.ai5/-/raw/main/models/recompiled15/model-Off'
                                               b'-Policy%20Model%20V4%20%28February%2027%2C%202026%29-135/driving_off_policy_omv4_metadata.pkl", "sha'
                                               b'256": "c0114ad7765847ec54dd504fc6657f93035473fc673ce695f94d5adeb7ce67e4"}}}]}, {"short_name": "OMV5"'
                                               b', "display_name": "Off-Policy Model v5 (March 14, 2026)", "is_20hz": true, "ref": "b390b98c5a359c293'
                                               b'fdc2501af79b19867fcdac4", "environment": "development", "runner": "tinygrad", "index": 59, "minimum_'
                                               b'selector_version": "15", "generation": "12", "build_time": "2026-03-14T15:53:13Z", "overrides": {"fo'
                                               b'lder": "2026 World Models", "lat": ".0", "long": ".3"}, "models": [{"type": "policy", "artifact": {"'
                                               b'file_name": "driving_policy_omv5_tinygrad.pkl", "download_uri": {"url": "https://gitlab.com/sunnypil'
                                               b'ot/public/docs.sunnypilot.ai5/-/raw/main/models/recompiled15/model-Off-Policy%20Model%20v5%20%28Marc'
                                               b'h%2014%2C%202026%29-139/driving_policy_omv5_tinygrad.pkl", "sha256": "c066999e3ef6d8aec892a6989b31ad'
                                               b'1626c657c79d44e4f281c52952b7c6a51e"}}, "metadata": {"file_name": "driving_policy_omv5_metadata.pkl",'
                                               b' "download_uri": {"url": "https://gitlab.com/sunnypilot/public/docs.sunnypilot.ai5/-/raw/main/models'
                                               b'/recompiled15/model-Off-Policy%20Model%20v5%20%28March%2014%2C%202026%29-139/driving_policy_omv5_met'
                                               b'adata.pkl", "sha256": "1099a88ccb734cdaaf00f1e951f38147b41a036901967c4118c5a538107cc75f"}}}, {"type"'
                                               b': "vision", "artifact": {"file_name": "driving_vision_omv5_tinygrad.pkl", "download_uri": {"url": "h'
                                               b'ttps://gitlab.com/sunnypilot/public/docs.sunnypilot.ai5/-/raw/main/models/recompiled15/model-Off-Pol'
                                               b'icy%20Model%20v5%20%28March%2014%2C%202026%29-139/driving_vision_omv5_tinygrad.pkl", "sha256": "9baf'
                                               b'76f3fab28e22723cec42166e56ef1060d2c36edfcc1194938a7a17050cd1"}}, "metadata": {"file_name": "driving_'
                                               b'vision_omv5_metadata.pkl", "download_uri": {"url": "https://gitlab.com/sunnypilot/public/docs.sunnyp'
                                               b'ilot.ai5/-/raw/main/models/recompiled15/model-Off-Policy%20Model%20v5%20%28March%2014%2C%202026%29-1'
                                               b'39/driving_vision_omv5_metadata.pkl", "sha256": "eca4f7e0f711c4b4cf10b90fd729692cabbfec17db589f1c0b1'
                                               b'51a15ded80065"}}}, {"type": "offPolicy", "artifact": {"file_name": "driving_off_policy_omv5_tinygrad'
                                               b'.pkl", "download_uri": {"url": "https://gitlab.com/sunnypilot/public/docs.sunnypilot.ai5/-/raw/main/'
                                               b'models/recompiled15/model-Off-Policy%20Model%20v5%20%28March%2014%2C%202026%29-139/driving_off_polic'
                                               b'y_omv5_tinygrad.pkl", "sha256": "c33d248d3fa0bef48190230d600d656943092f9e6a75126d3cbf5067e881a9bc"}}'
                                               b', "metadata": {"file_name": "driving_off_policy_omv5_metadata.pkl", "download_uri": {"url": "https:/'
                                               b'/gitlab.com/sunnypilot/public/docs.sunnypilot.ai5/-/raw/main/models/recompiled15/model-Off-Policy%20'
                                               b'Model%20v5%20%28March%2014%2C%202026%29-139/driving_off_policy_omv5_metadata.pkl", "sha256": "c0114a'
                                               b'd7765847ec54dd504fc6657f93035473fc673ce695f94d5adeb7ce67e4"}}}]}, {"short_name": "POP", "display_nam'
                                               b'e": "Pop Model (March 20, 2026)", "is_20hz": true, "ref": "6f71783a8a8faa07ddaeef5bbb6809b4f4f44a15"'
                                               b', "environment": "development", "runner": "tinygrad", "index": 60, "minimum_selector_version": "15",'
                                               b' "generation": "12", "build_time": "2026-03-21T02:43:36Z", "overrides": {"folder": "2026 World Model'
                                               b's", "lat": ".0", "long": ".3"}, "models": [{"type": "policy", "artifact": {"file_name": "driving_pol'
                                               b'icy_6f71783a_tinygrad.pkl", "download_uri": {"url": "https://gitlab.com/sunnypilot/public/docs.sunny'
                                               b'pilot.ai5/-/raw/main/models/recompiled15/model-6f71783a8a8faa07ddaeef5bbb6809b4f4f44a15%20%28March%2'
                                               b'020%2C%202026%29-140/driving_policy_6f71783a_tinygrad.pkl", "sha256": "1d3c42f6ee7f28341b27787fcaf60'
                                               b'624185fc7fb7ab870d88122d73471a2deda"}}, "metadata": {"file_name": "driving_policy_6f71783a_metadata.'
                                               b'pkl", "download_uri": {"url": "https://gitlab.com/sunnypilot/public/docs.sunnypilot.ai5/-/raw/main/m'
                                               b'odels/recompiled15/model-6f71783a8a8faa07ddaeef5bbb6809b4f4f44a15%20%28March%2020%2C%202026%29-140/d'
                                               b'riving_policy_6f71783a_metadata.pkl", "sha256": "f1fbba740aca73ae092578cc82787f91350031e5eaaf1552d94'
                                               b'd4c468342a865"}}}, {"type": "vision", "artifact": {"file_name": "driving_vision_6f71783a_tinygrad.pk'
                                               b'l", "download_uri": {"url": "https://gitlab.com/sunnypilot/public/docs.sunnypilot.ai5/-/raw/main/mod'
                                               b'els/recompiled15/model-6f71783a8a8faa07ddaeef5bbb6809b4f4f44a15%20%28March%2020%2C%202026%29-140/dri'
                                               b'ving_vision_6f71783a_tinygrad.pkl", "sha256": "19db125ed2a135bffcc919337d51327c72889411e535d4270c04c'
                                               b'92b69450d7f"}}, "metadata": {"file_name": "driving_vision_6f71783a_metadata.pkl", "download_uri": {"'
                                               b'url": "https://gitlab.com/sunnypilot/public/docs.sunnypilot.ai5/-/raw/main/models/recompiled15/model'
                                               b'-6f71783a8a8faa07ddaeef5bbb6809b4f4f44a15%20%28March%2020%2C%202026%29-140/driving_vision_6f71783a_m'
                                               b'etadata.pkl", "sha256": "a2be39088d38550e818f5ac1c6300a64605ba0bd0676a27fe7bbea9fddae90a1"}}}]}, {"s'
                                               b'hort_name": "PMV2", "display_name": "Pop Model v2 (March 24, 2026)", "is_20hz": true, "ref": "62bf6f'
                                               b'b072880905a4c490f0f4f4a6b3c23346ec", "environment": "development", "runner": "tinygrad", "index": 61'
                                               b', "minimum_selector_version": "15", "generation": "12", "build_time": "2026-03-24T16:58:56Z", "overr'
                                               b'ides": {"folder": "2026 World Models", "lat": ".0", "long": ".3"}, "models": [{"type": "policy", "ar'
                                               b'tifact": {"file_name": "driving_policy_pmv2_tinygrad.pkl", "download_uri": {"url": "https://gitlab.c'
                                               b'om/sunnypilot/public/docs.sunnypilot.ai6/-/raw/main/models/recompiled15/model-Pop%20Model%20v2%20%28'
                                               b'March%2024%2C%202026%29-141/driving_policy_pmv2_tinygrad.pkl", "sha256": "6bb21a8e7f86be3eb8f7c04252'
                                               b'2f09ffa2404668667a50d91620c24b4f039ee5"}}, "metadata": {"file_name": "driving_policy_pmv2_metadata.p'
                                               b'kl", "download_uri": {"url": "https://gitlab.com/sunnypilot/public/docs.sunnypilot.ai6/-/raw/main/mo'
                                               b'dels/recompiled15/model-Pop%20Model%20v2%20%28March%2024%2C%202026%29-141/driving_policy_pmv2_metada'
                                               b'ta.pkl", "sha256": "5ce4fa01c7edde9e27e3a9ed6ac0ca24e5de0adc384e66a9fb73e13488e60630"}}}, {"type": "'
                                               b'vision", "artifact": {"file_name": "driving_vision_pmv2_tinygrad.pkl", "download_uri": {"url": "http'
                                               b's://gitlab.com/sunnypilot/public/docs.sunnypilot.ai6/-/raw/main/models/recompiled15/model-Pop%20Mode'
                                               b'l%20v2%20%28March%2024%2C%202026%29-141/driving_vision_pmv2_tinygrad.pkl", "sha256": "6466db507cd447'
                                               b'9f0b4e5dd41c62a5173de5fb8b70e719da66041ca86f664b5d"}}, "metadata": {"file_name": "driving_vision_pmv'
                                               b'2_metadata.pkl", "download_uri": {"url": "https://gitlab.com/sunnypilot/public/docs.sunnypilot.ai6/-'
                                               b'/raw/main/models/recompiled15/model-Pop%20Model%20v2%20%28March%2024%2C%202026%29-141/driving_vision'
                                               b'_pmv2_metadata.pkl", "sha256": "a2be39088d38550e818f5ac1c6300a64605ba0bd0676a27fe7bbea9fddae90a1"}}}'
                                               b']}]}'},
                                     {'key': 'ModelRunnerTypeCache', 'value': b'2'}, {'key': 'NetworkMetered', 'value': b'0'},
                                     {'key': 'NeuralNetworkLateralControl', 'value': b'0'}, {'key': 'OSMDownloadProgress', 'value': b''},
                                     {'key': 'OnroadScreenOffBrightness', 'value': b'0'},
                                     {'key': 'OnroadScreenOffBrightnessMigrated', 'value': b'1.0'}, {'key': 'OnroadScreenOffTimer', 'value': b'15'},
                                     {'key': 'OnroadScreenOffTimerMigrated', 'value': b'1.0'}, {'key': 'OnroadUploads', 'value': b'1'},
                                     {'key': 'OpenpilotEnabledToggle', 'value': b'1'}, {'key': 'OsmDownloadedDate', 'value': b'0.0'},
                                     {'key': 'OsmStateName', 'value': b'All'},
                                     {'key': 'PandaSignatures',
                                      'value': b'^\x8b\xa2$ /\xcd\x9cg\xdbV\x96\x9br].\xa3/\xc8\xed9\x0f\xbaMs\x83\xacx@\x03\xd9\xcby\xc7P\xab\x1dod|'
                                               b'\xb7\x1dw3\xb7{\x9a\x1e\x1c\xd5\x11\xe8\xf4J\x080\xc1~21\xea\xacW\xbcb\x1cK\xa9|g\x00j\xf1\xafNG'
                                               b'\x91G)Cf,\x87\xa4J\x80\xd5x\x89\xba-\xbc\t}\x17\xc1&"\xc6\\\x8e\xd89d\x8e#\x81\x08t+\xc0m3\xd2L\xde'
                                               b'e\xd5\x88\xbb\xb7\x7f\x19<8\xc9\xf4W'},
                                     {'key': 'PlanplusControl', 'value': b'1.0'}, {'key': 'PrimeType', 'value': b'0'},
                                     {'key': 'QuickBootToggle', 'value': b'0'}, {'key': 'QuietMode', 'value': b'0'},
                                     {'key': 'RainbowMode', 'value': b'0'}, {'key': 'RecordAudioFeedback', 'value': b'0'},
                                     {'key': 'RecordFront', 'value': b'0'}, {'key': 'RoadNameToggle', 'value': b'0'},
                                     {'key': 'RocketFuel', 'value': b'0'}, {'key': 'RouteCount', 'value': b'6'},
                                     {'key': 'ShowAdvancedControls', 'value': b'0'}, {'key': 'ShowTurnSignals', 'value': b'0'},
                                     {'key': 'SmartCruiseControlMap', 'value': b'0'}, {'key': 'SmartCruiseControlVision', 'value': b'0'},
                                     {'key': 'SpeedLimitMode', 'value': b'1'}, {'key': 'SpeedLimitOffsetType', 'value': b'0'},
                                     {'key': 'SpeedLimitPolicy', 'value': b'3'}, {'key': 'SpeedLimitValueOffset', 'value': b'0'},
                                     {'key': 'StandstillTimer', 'value': b'0'}, {'key': 'SubaruStopAndGo', 'value': b'0'},
                                     {'key': 'SubaruStopAndGoManualParkingBrake', 'value': b'0'},
                                     {'key': 'SunnylinkDongleId', 'value': b'2c69ed93d450195e'}, {'key': 'SunnylinkEnabled', 'value': b'0'},
                                     {'key': 'SunnylinkTempFault', 'value': b'0'}, {'key': 'SunnylinkdPid', 'value': b'26621'},
                                     {'key': 'TeslaCoopSteering', 'value': b'0'}, {'key': 'TorqueBar', 'value': b'0'},
                                     {'key': 'TorqueParamsOverrideEnabled', 'value': b'0'}, {'key': 'TorqueParamsOverrideFriction', 'value': b'0.1'},
                                     {'key': 'TorqueParamsOverrideLatAccelFactor', 'value': b'2.5'},
                                     {'key': 'ToyotaEnforceStockLongitudinal', 'value': b'0'}, {'key': 'ToyotaStopAndGoHack', 'value': b'0'},
                                     {'key': 'TrueVEgoUI', 'value': b'0'}, {'key': 'UbloxAvailable', 'value': b'1'},
                                     {'key': 'UpdateFailedCount', 'value': b'0'}, {'key': 'UpdaterAvailableBranches', 'value': b'ccnc-port-prebuilt'},
                                     {'key': 'UpdaterCurrentDescription', 'value': b'2026.03.13-4326 / ccnc-port-prebuilt / f0ba17d / Apr 02'},
                                     {'key': 'UpdaterCurrentReleaseNotes',
                                      'value': b"<h1>sunnypilot Version 2026.001.000 (2026-03-xx)</h1>\n<ul>\n<li>What's Changed (sunnypilot/sunnyp"
                                               b'ilot)\n<ul>\n<li>Complete rewrite of the user interface from Qt C++ to Raylib Python</li>\n<li>comm'
                                               b'a four support</li>\n<li>ui: sunnypilot toggle style by @nayan8teen</li>\n<li>ui: fix scroll panel'
                                               b' mouse wheel behavior by @nayan8teen</li>\n<li>ui: sunnypilot panels by @nayan8teen</li>\n<li>sunn'
                                               b'ylink: centralize key pair handling in sunnylink registration by @devtekve</li>\n<li>ui: reimplem'
                                               b'ent sunnypilot branding with Raylib by @sunnyhaibin</li>\n<li>ui: Platform Selector by @Discountc'
                                               b'hubbs</li>\n<li>ui: vehicle brand settings by @Discountchubbs</li>\n<li>ui: sunnylink client-side '
                                               b'implementation by @nayan8teen</li>\n<li>ui: `NetworkUISP` by @Discountchubbs</li>\n<li>ui: add sun'
                                               b'nypilot font by @nayan8teen</li>\n<li>ui: sunnypilot sponsor tier color mapping by @sunnyhaibin</'
                                               b'li>\n<li>ui: sunnylink panel by @nayan8teen</li>\n<li>ui: Models panel by @Discountchubbs</li>\n<li'
                                               b'>ui: software panel by @Discountchubbs</li>\n<li>modeld_v2: support planplus outputs by @Discount'
                                               b'chubbs</li>\n<li>ui: OSM panel by @Discountchubbs</li>\n<li>ui: Developer panel extension by @Disc'
                                               b'ountchubbs</li>\n<li>sunnylink: Vehicle Selector support by @sunnyhaibin</li>\n<li>[TIZI/TICI] ui:'
                                               b' Developer Metrics by @rav4kumar</li>\n<li>[comma 4] ui: sunnylink panel by @nayan8teen</li>\n<li>'
                                               b'ui: lateral-only and longitudinal-only UI statuses support by @royjr</li>\n<li>sunnylink: ellipti'
                                               b'c curve keys support and improve key path handling by @nayan8teen</li>\n<li>sunnylink: block remo'
                                               b'te modification of SSH key parameters by @zikeji</li>\n<li>[TIZI/TICI] ui: rainbow path by @rav4k'
                                               b'umar</li>\n<li>[TIZI/TICI] ui: chevron metrics by @rav4kumar</li>\n<li>ui: include MADS enabled st'
                                               b'ate to `engaged` check by @sunnyhaibin</li>\n<li>Toyota: Enforce Factory Longitudinal Control by '
                                               b'@sunnyhaibin</li>\n<li>ui: fix malformed dongle ID display on the PC if dongleID is not set by @d'
                                               b'zid26</li>\n<li>SL: Re enable and validate ingestion of swaglogs by @devtekve</li>\n<li>modeld_v2:'
                                               b' planplus model tuning by @Discountchubbs</li>\n<li>ui: fix Always Offroad button visibility by @'
                                               b'nayan8teen</li>\n<li>Reimplement sunnypilot Terms of Service &amp; sunnylink Consent Screens by @'
                                               b'sunnyhaibin</li>\n<li>[TIZI/TICI] ui: update dmoji position and Developer UI adjustments by @rav4'
                                               b'kumar</li>\n<li>modeld: configurable camera offset by @Discountchubbs</li>\n<li>[TIZI/TICI] ui: su'
                                               b'nnylink status on sidebar by @Copilot</li>\n<li>ui: Global Brightness Override by @nayan8teen</li'
                                               b'>\n<li>ui: Customizable Interactive Timeout by @sunnyhaibin</li>\n<li>sunnylink: add units to para'
                                               b'm metadata by @nayan8teen</li>\n<li>ui: Customizable Onroad Brightness by @sunnyhaibin</li>\n<li>['
                                               b'TIZI/TICI] ui: Steering panel by @nayan8teen</li>\n<li>[TIZI/TICI] ui: Rocket Fuel by @rav4kumar<'
                                               b'/li>\n<li>[TIZI/TICI] ui: MICI style turn signals by @rav4kumar</li>\n<li>[TIZI/TICI] ui: MICI sty'
                                               b'le blindspot indicators by @sunnyhaibin</li>\n<li>[MICI] ui: display blindspot indicators when av'
                                               b'ailable by @rav4kumar</li>\n<li>[TIZI/TICI] ui: Road Name by @rav4kumar</li>\n<li>[TIZI/TICI] ui: '
                                               b'Blue &quot;Exit Always Offroad&quot; button by @dzid26</li>\n<li>[TIZI/TICI] ui: Speed Limit by @'
                                               b'rav4kumar</li>\n<li>Reapply &quot;latcontrol_torque: lower kp and lower friction threshold (comma'
                                               b'ai/openpilot#36619)&quot; by @sunnyhaibin</li>\n<li>[TIZI/TICI] ui: steering arc by @royjr</li>\n<'
                                               b'li>[TIZI/TICI] ui: Smart Cruise Control elements by @sunnyhaibin</li>\n<li>[TIZI/TICI] ui: Green '
                                               b'Light and Lead Departure elements by @sunnyhaibin</li>\n<li>[TIZI/TICI] ui: standstill timer by @'
                                               b'sunnyhaibin</li>\n<li>[MICI] ui: driving models selector by @Discountchubbs</li>\n<li>[TIZI/TICI] '
                                               b'ui: Hide vEgo and True vEgo by @sunnyhaibin</li>\n<li>[TIZI/TICI] ui: Visuals panel by @nayan8tee'
                                               b'n</li>\n<li>Device: Retain QuickBoot state after op switch by @nayan8teen</li>\n<li>[TIZI/TICI] ui'
                                               b': Trips panel by @sunnyhaibin</li>\n<li>[TIZI/TICI] ui: dynamic ICBM status by @sunnyhaibin</li>\n'
                                               b'<li>[TIZI/TICI] ui: Cruise panel by @sunnyhaibin</li>\n<li>ui: better wake mode support by @nayan'
                                               b'8teen</li>\n<li>Pause Lateral Control with Blinker: Post-Blinker Delay by @CHaucke89</li>\n<li>SCC'
                                               b'-V: Use p97 for predicted lateral accel by @yasu-oh</li>\n<li>Controls: Support for Torque Latera'
                                               b"l Control v0 Tune by @sunnyhaibin</li>\n</ul>\n</li>\n<li>What's Changed (sunnypilot/opendbc)\n<"
                                               b'ul>\n<li>Honda: DBC for Accord 9th Generation by @mvl-boston</li>\n<li>FCA: update tire stiffness '
                                               b'values for `RAM_HD` by @dparring</li>\n<li>Honda: Nidec hybrid baseline brake support by @mvl-bos'
                                               b'ton</li>\n<li>Subaru Global Gen2: bump steering limits and update tuning by @sunnyhaibin</li>\n<li'
                                               b'>Toyota: Enforce Stock Longitudinal Control by @rav4kumar</li>\n<li>Nissan: use MADS enabled stat'
                                               b'us for LKAS HUD logic by @downquark7</li>\n<li>Reapply &quot;Lateral: lower friction threshold (#'
                                               b'2915)&quot; (#378) by @sunnyhaibin</li>\n<li>HKG: add KIA_FORTE_2019_NON_SCC fingerprint by @royj'
                                               b'r</li>\n<li>Nissan: Parse cruise control buttons by @downquark7</li>\n<li>Rivian: Add stalk down A'
                                               b'CC behavior to match stock Rivian by @lukasloetkolben</li>\n<li>Tesla: remove `TESLA_MODEL_X` fro'
                                               b'm `dashcamOnly` by @ssysm</li>\n<li>Hyundai Longitudinal: refactor tuning by @Discountchubbs</li>'
                                               b'\n<li>Tesla: add fingerprint for Model 3 Performance HW4 by @sunnyhaibin</li>\n<li>Toyota: do not '
                                               b'disable radar when smartDSU or CAN Filter detected by @sunnyhaibin</li>\n<li>Honda: add missing `'
                                               b'GasInterceptor` messages to Taiwan Odyssey DBC by @mvl-boston</li>\n<li>GM: remove `CHEVROLET_EQU'
                                               b'INOX_NON_ACC_3RD_GEN` from `dashcamOnly` by @sunnyhaibin</li>\n<li>GM: remove `CHEVROLET_BOLT_NON'
                                               b'_ACC_2ND_GEN` from `dashcamOnly` by @sunnyhaibin</li>\n</ul>\n</li>\n<li>New Contributors (sunnypil'
                                               b'ot/sunnypilot)\n<ul>\n<li>@TheSecurityDev made their first contribution in &quot;ui: fix sidebar s'
                                               b'croll in UI screenshots&quot;</li>\n<li>@zikeji made their first contribution in &quot;sunnylink:'
                                               b' block remote modification of SSH key parameters&quot;</li>\n<li>@Candy0707 made their first cont'
                                               b'ribution in &quot;[TIZI/TICI] ui: Fix misaligned turn signals and blindspot indicators with sidebar&'
                                               b'quot;</li>\n<li>@CHaucke89 made their first contribution in &quot;Pause Lateral Control with Blin'
                                               b'ker: Post-Blinker Delay&quot;</li>\n<li>@yasu-oh made their first contribution in &quot;SCC-V: Us'
                                               b'e p97 for predicted lateral accel&quot;</li>\n</ul>\n</li>\n<li>New Contributors (sunnypilot/opendb'
                                               b'c)\n<ul>\n<li>@AmyJeanes made their first contribution in &quot;Tesla: Fix stock LKAS being blocke'
                                               b'd when MADS is enabled&quot;</li>\n<li>@mvl-boston made their first contribution in &quot;Honda: '
                                               b'Update Clarity brake to renamed DBC message name&quot;</li>\n<li>@dzid26 made their first contrib'
                                               b'ution in &quot;Tesla: Parse speed limit from CAN&quot;</li>\n<li>@firestar5683 made their first c'
                                               b'ontribution in &quot;GM: Non-ACC platforms with steering only support&quot;</li>\n<li>@downquark7'
                                               b' made their first contribution in &quot;Nissan: use MADS enabled status for LKAS HUD logic&quot;</li'
                                               b'>\n<li>@royjr made their first contribution in &quot;HKG: add KIA_FORTE_2019_NON_SCC fingerprint&'
                                               b'quot;</li>\n<li>@ssysm made their first contribution in &quot;Tesla: remove `TESLA_MODEL_X` from '
                                               b'`dashcamOnly`&quot;</li>\n</ul>\n</li>\n<li>Full Changelog: https://github.com/sunnypilot/sunnypilo'
                                               b't/compare/v2025.002.000...v2026.001.000</li>\n</ul>\n'},
                                     {'key': 'UpdaterFetchAvailable', 'value': b'0'},
                                     {'key': 'UpdaterLastFetchTime', 'value': b'2026-04-02T04:11:12.792414'},
                                     {'key': 'UpdaterNewDescription', 'value': b''}, {'key': 'UpdaterNewReleaseNotes', 'value': b''},
                                     {'key': 'UpdaterState', 'value': b'idle'}, {'key': 'UpdaterTargetBranch', 'value': b'ccnc-port-prebuilt'},
                                     {'key': 'UptimeOffroad', 'value': b'9928.930138155'}, {'key': 'UptimeOnroad', 'value': b'4317.405560539013'},
                                     {'key': 'Version', 'value': b'2026.03.13-4326'}]},
              'passive': False,
              'version': '2026.001.000',
              'wallTimeNanos': 1752260007935405561},
 'logMonoTime': 33043388527,
 'valid': True}
{'logMonoTime': 1714099633247, 'sentinel': {'signal': 0, 'type': 'startOfSegment'}, 'valid': True}
{'logMonoTime': 1714029682961,
 'qRoadEncodeIdx': {'encodeId': 33600,
                    'flags': 2147500040,
                    'frameId': 33602,
                    'len': 2240,
                    'segmentId': 0,
                    'segmentIdEncode': 0,
                    'segmentNum': 28,
                    'timestampEof': 1713985170414,
                    'timestampSof': 1713974170414,
                    'type': 'qcameraH264'},
 'valid': True}
{'logMonoTime': 1714066478764,
 'qRoadEncodeIdx': {'encodeId': 33601,
                    'flags': 16400,
                    'frameId': 33603,
                    'len': 976,
                    'segmentId': 1,
                    'segmentIdEncode': 0,
                    'segmentNum': 28,
                    'timestampEof': 1714035183903,
                    'timestampSof': 1714024183903,
                    'type': 'qcameraH264'},
 'valid': True}
{'accelerometer': {'acceleration': {'status': 1, 'v': [9.23519515991211, 0.2143542468547821, -1.9866687059402466]},
                   'sensor': 1,
                   'source': 'lsm6ds3trc',
                   'timestamp': 1714068994076,
                   'type': 1,
                   'uncalibratedDEPRECATED': False,
                   'version': 1},
 'logMonoTime': 1714070242151,
 'valid': True}
{'carControl': {'activeDEPRECATED': False,
                'actuators': {'accel': 0.0,
                              'brake': 0.0,
                              'curvature': -6.974258576519787e-05,
                              'gas': 0.0,
                              'longControlState': 'off',
                              'speed': 0.0,
                              'steeringAngleDeg': 0.0,
                              'torque': -0.0,
                              'torqueOutputCan': 0.0},
                'angularVelocity': [0.0, 0.0, 0.0],
                'brakeDEPRECATED': 0.0,
                'cruiseControl': {'accelOverrideDEPRECATED': 0.0,
                                  'cancel': False,
                                  'override': False,
                                  'resume': False,
                                  'speedOverrideDEPRECATED': 0.0},
                'currentCurvature': -6.974258576519787e-05,
                'enabled': False,
                'gasDEPRECATED': 0.0,
                'hudControl': {'audibleAlert': 'none',
                               'lanesVisible': False,
                               'leadDistanceBars': 2,
                               'leadVisible': False,
                               'leftLaneDepart': False,
                               'leftLaneVisible': True,
                               'rightLaneDepart': False,
                               'rightLaneVisible': True,
                               'setSpeed': 70.83333587646484,
                               'speedVisible': False,
                               'visualAlert': 'none'},
                'latActive': False,
                'leftBlinker': False,
                'longActive': False,
                'orientationNED': [-9.054397196450736e-06, -0.0032373121939599514, 0.022434642538428307],
                'pitchDEPRECATED': 0.0,
                'rightBlinker': False,
                'rollDEPRECATED': 0.0,
                'steeringTorqueDEPRECATED': 0.0},
 'logMonoTime': 1714047287185,
 'valid': False}
{'customReserved5': {}, 'logMonoTime': 1714047541476, 'valid': False}
{'controlsState': {'aEgoDEPRECATED': 0.0,
                   'aTargetDEPRECATED': 0.0,
                   'aTargetMaxDEPRECATED': 0.0,
                   'aTargetMinDEPRECATED': 0.0,
                   'activeDEPRECATED': False,
                   'alertBlinkingRateDEPRECATED': 0.0,
                   'alertSizeDEPRECATED': 'none',
                   'alertSound2DEPRECATED': 'none',
                   'alertStatusDEPRECATED': 'normal',
                   'angleModelBiasDEPRECATED': 0.0,
                   'angleSteersDEPRECATED': 0.0,
                   'awarenessStatusDEPRECATED': 0.0,
                   'canErrorCounterDEPRECATED': 0,
                   'canMonoTimeDEPRECATED': 0,
                   'cumLagMsDEPRECATED': 0.0,
                   'curvature': -6.974258576519787e-05,
                   'decelForModelDEPRECATED': False,
                   'decelForTurnDEPRECATED': False,
                   'desiredCurvature': -6.974258576519787e-05,
                   'desiredCurvatureRateDEPRECATED': 0.0,
                   'driverMonitoringOnDEPRECATED': False,
                   'enabledDEPRECATED': False,
                   'engageableDEPRECATED': False,
                   'experimentalModeDEPRECATED': False,
                   'forceDecel': False,
                   'gpsPlannerActiveDEPRECATED': False,
                   'hudLeadDEPRECATED': 0,
                   'jerkFactorDEPRECATED': 0.0,
                   'lateralControlState': {'torqueState': {'active': False,
                                                           'actualLateralAccel': 0.0,
                                                           'd': 0.0,
                                                           'desiredLateralAccel': 0.0,
                                                           'desiredLateralJerk': 0.0,
                                                           'error': 0.0,
                                                           'errorRate': 0.0,
                                                           'f': 0.0,
                                                           'i': 0.0,
                                                           'output': 0.0,
                                                           'p': 0.0,
                                                           'saturated': False,
                                                           'version': 1}},
                   'lateralPlanMonoTime': 1714036836449,
                   'longControlState': 'off',
                   'longitudinalPlanMonoTime': 1714044984918,
                   'mapValidDEPRECATED': False,
                   'mdMonoTimeDEPRECATED': 0,
                   'personalityDEPRECATED': 'aggressive',
                   'radarStateMonoTimeDEPRECATED': 0,
                   'rearViewCamDEPRECATED': False,
                   'startMonoTimeDEPRECATED': 0,
                   'stateDEPRECATED': 'disabled',
                   'steerOverrideDEPRECATED': False,
                   'steeringAngleDesiredDegDEPRECATED': 0.0,
                   'ufAccelCmd': 0.0,
                   'ufSteerDEPRECATED': 0.0,
                   'uiAccelCmd': 0.0,
                   'uiSteerDEPRECATED': 0.0,
                   'upAccelCmd': 0.0,
                   'upSteerDEPRECATED': 0.0,
                   'vCruiseClusterDEPRECATED': 0.0,
                   'vCruiseDEPRECATED': 0.0,
                   'vCurvatureDEPRECATED': 0.0,
                   'vEgoDEPRECATED': 0.0,
                   'vEgoRawDEPRECATED': 0.0,
                   'vPidDEPRECATED': 0.0,
                   'vTargetLeadDEPRECATED': 0.0,
                   'yActualDEPRECATED': 0.0,
                   'yDesDEPRECATED': 0.0},
 'logMonoTime': 1714047154753,
 'valid': False}
{'driverEncodeIdx': {'encodeId': 33600,
                     'flags': 2147500040,
                     'frameId': 33602,
                     'len': 52600,
                     'segmentId': 0,
                     'segmentIdEncode': 0,
                     'segmentNum': 28,
                     'timestampEof': 1713985283056,
                     'timestampSof': 1713974283056,
                     'type': 'fullHEVC'},
 'logMonoTime': 1714011883293,
 'valid': True}
{'driverEncodeIdx': {'encodeId': 33601,
                     'flags': 16400,
                     'frameId': 33603,
                     'len': 15848,
                     'segmentId': 1,
                     'segmentIdEncode': 0,
                     'segmentNum': 28,
                     'timestampEof': 1714035262123,
                     'timestampSof': 1714024262123,
                     'type': 'fullHEVC'},
 'logMonoTime': 1714059425055,
 'valid': True}
{'livePose': {'accelerationDevice': {'valid': False, 'x': 0.0, 'xStd': 100.0, 'y': 0.0, 'yStd': 100.0, 'z': 0.0, 'zStd': 100.0},
              'angularVelocityDevice': {'valid': False, 'x': 0.0, 'xStd': 1.0, 'y': 0.0, 'yStd': 1.0, 'z': 0.0, 'zStd': 1.0},
              'inputsOK': False,
              'orientationNED': {'valid': False,
                                 'x': 0.0,
                                 'xStd': 0.009999999776482582,
                                 'y': 0.0,
                                 'yStd': 0.009999999776482582,
                                 'z': 0.0,
                                 'zStd': 0.009999999776482582},
              'posenetOK': True,
              'sensorsOK': True,
              'velocityDevice': {'valid': False, 'x': 0.0, 'xStd': 10.0, 'y': 0.0, 'yStd': 10.0, 'z': 0.0, 'zStd': 10.0}},
 'logMonoTime': 1714092317227,
 'valid': False}
{'logMonoTime': 1714089500441,
 'pandaStates': [{'alternativeExperience': 1024,
                  'canState0': {'brsEnabled': True,
                                'busOff': False,
                                'busOffCnt': 0,
                                'canCoreResetCnt': 0,
                                'canDataSpeed': 2000,
                                'canSpeed': 500,
                                'canfdEnabled': True,
                                'canfdNonIso': False,
                                'errorPassive': False,
                                'errorWarning': False,
                                'irq0CallRate': 967,
                                'irq1CallRate': 885,
                                'irq2CallRate': 0,
                                'lastDataError': 'noError',
                                'lastDataStoredError': 'noError',
                                'lastError': 'noChange',
                                'lastStoredError': 'noError',
                                'receiveErrorCnt': 0,
                                'totalErrorCnt': 0,
                                'totalFwdCnt': 1397189,
                                'totalRxCnt': 1629502,
                                'totalRxLostCnt': 1,
                                'totalTxCnt': 1476392,
                                'totalTxLostCnt': 0,
                                'transmitErrorCnt': 0},
                  'canState1': {'brsEnabled': True,
                                'busOff': False,
                                'busOffCnt': 0,
                                'canCoreResetCnt': 5,
                                'canDataSpeed': 2000,
                                'canSpeed': 500,
                                'canfdEnabled': True,
                                'canfdNonIso': False,
                                'errorPassive': False,
                                'errorWarning': False,
                                'irq0CallRate': 3191,
                                'irq1CallRate': 0,
                                'irq2CallRate': 0,
                                'lastDataError': 'noError',
                                'lastDataStoredError': 'noError',
                                'lastError': 'noChange',
                                'lastStoredError': 'stuffError',
                                'receiveErrorCnt': 0,
                                'totalErrorCnt': 44831,
                                'totalFwdCnt': 0,
                                'totalRxCnt': 5675557,
                                'totalRxLostCnt': 1,
                                'totalTxCnt': 58,
                                'totalTxLostCnt': 2,
                                'transmitErrorCnt': 0},
                  'canState2': {'brsEnabled': True,
                                'busOff': False,
                                'busOffCnt': 0,
                                'canCoreResetCnt': 0,
                                'canDataSpeed': 2000,
                                'canSpeed': 500,
                                'canfdEnabled': True,
                                'canfdNonIso': False,
                                'errorPassive': False,
                                'errorWarning': False,
                                'irq0CallRate': 867,
                                'irq1CallRate': 966,
                                'irq2CallRate': 0,
                                'lastDataError': 'noError',
                                'lastDataStoredError': 'noError',
                                'lastError': 'noChange',
                                'lastStoredError': 'noError',
                                'receiveErrorCnt': 0,
                                'totalErrorCnt': 0,
                                'totalFwdCnt': 1476392,
                                'totalRxCnt': 1511188,
                                'totalRxLostCnt': 0,
                                'totalTxCnt': 1597497,
                                'totalTxLostCnt': 0,
                                'transmitErrorCnt': 0},
                  'controlsAllowed': False,
                  'current': 438,
                  'fanPower': 45,
                  'fanSpeedRpmDEPRECATED': 0,
                  'fanStallCountDEPRECATED': 0,
                  'faultStatus': 'faultTemp',
                  'faults': ['interruptRateCan2'],
                  'gasInterceptorDetectedDEPRECATED': False,
                  'gmlanSendErrsDEPRECATED': 0,
                  'harnessStatus': 'flipped',
                  'hasGpsDEPRECATED': False,
                  'heartbeatLost': False,
                  'ignitionCan': False,
                  'ignitionLine': True,
                  'interruptLoad': 0.3252944350242615,
                  'pandaType': 'cuatro',
                  'powerSaveEnabled': False,
                  'rxBufferOverflow': 0,
                  'safetyModel': 'hyundaiCanfd',
                  'safetyParam': 177,
                  'safetyParam2DEPRECATED': 0,
                  'safetyParamDEPRECATED': 0,
                  'safetyRxChecksInvalid': True,
                  'safetyRxInvalid': 83422,
                  'safetyTxBlocked': 0,
                  'sbu1Voltage': 0.06700000166893005,
                  'sbu2Voltage': 0.28700000047683716,
                  'spiErrorCount': 11758,
                  'startedSignalDetectedDEPRECATED': False,
                  'txBufferOverflow': 0,
                  'uptime': 1694,
                  'usbPowerModeDEPRECATED': 'none',
                  'voltage': 12694}],
 'valid': True}
{'logMonoTime': 1714092567352,
 'peripheralState': {'current': 440, 'fanSpeedRpm': 2094, 'pandaType': 'cuatro', 'usbPowerModeDEPRECATED': 'none', 'voltage': 12683},
 'valid': True}
{'logMonoTime': 1714027786946,
 'roadEncodeIdx': {'encodeId': 33600,
                   'flags': 2147500040,
                   'frameId': 33602,
                   'len': 55928,
                   'segmentId': 0,
                   'segmentIdEncode': 0,
                   'segmentNum': 28,
                   'timestampEof': 1713985170414,
                   'timestampSof': 1713974170414,
                   'type': 'fullHEVC'},
 'valid': True}
{'logMonoTime': 1714064907448,
 'roadEncodeIdx': {'encodeId': 33601,
                   'flags': 16400,
                   'frameId': 33603,
                   'len': 15697,
                   'segmentId': 1,
                   'segmentIdEncode': 0,
                   'segmentNum': 28,
                   'timestampEof': 1714035183903,
                   'timestampSof': 1714024183903,
                   'type': 'fullHEVC'},
 'valid': True}
{'logMonoTime': 1714030544938, 'uiDebug': {'drawTimeMillis': 6.162776947021484}, 'valid': False}
{'logMonoTime': 1714050611356, 'uiDebug': {'drawTimeMillis': 9.596778869628906}, 'valid': False}
{'logMonoTime': 1714064794962, 'uiDebug': {'drawTimeMillis': 7.0931830406188965}, 'valid': False}
{'logMonoTime': 1714080382300, 'uiDebug': {'drawTimeMillis': 6.017378807067871}, 'valid': False}
{'logMonoTime': 1714096358705, 'uiDebug': {'drawTimeMillis': 5.336942195892334}, 'valid': False}
{'logMonoTime': 1714020652623,
 'valid': True,
 'wideRoadEncodeIdx': {'encodeId': 33600,
                       'flags': 2147500040,
                       'frameId': 33602,
                       'len': 40052,
                       'segmentId': 0,
                       'segmentIdEncode': 0,
                       'segmentNum': 28,
                       'timestampEof': 1713985184891,
                       'timestampSof': 1713974184891,
                       'type': 'fullHEVC'}}
{'logMonoTime': 1714071284626,
 'valid': True,
 'wideRoadEncodeIdx': {'encodeId': 33601,
                       'flags': 16400,
                       'frameId': 33603,
                       'len': 14251,
                       'segmentId': 1,
                       'segmentIdEncode': 0,
                       'segmentNum': 28,
                       'timestampEof': 1714035197131,
                       'timestampSof': 1714024197131,
                       'type': 'fullHEVC'}}
{'driverEncodeIdx': {'encodeId': 33602,
                     'flags': 16400,
                     'frameId': 33604,
                     'len': 17376,
                     'segmentId': 2,
                     'segmentIdEncode': 0,
                     'segmentNum': 28,
                     'timestampEof': 1714085271860,
                     'timestampSof': 1714074271860,
                     'type': 'fullHEVC'},
 'logMonoTime': 1714108837678,
 'valid': True}
{'carOutput': {'actuatorsOutput': {'accel': 0.0,
                                   'brake': 0.0,
                                   'curvature': -6.966911314520985e-05,
                                   'gas': 0.0,
                                   'longControlState': 'off',
                                   'speed': 0.0,
                                   'steeringAngleDeg': 0.0,
                                   'torque': 0.0,
                                   'torqueOutputCan': 0.0}},
 'logMonoTime': 1714109145453,
 'valid': False}
{'carState': {'aEgo': 1.2868067026138306,
              'accFaulted': False,
              'blockPcmEnable': True,
              'brake': 0.0,
              'brakeHoldActive': False,
              'brakeLightsDEPRECATED': False,
              'brakePressed': False,
              'buttonEnable': False,
              'buttonEvents': [],
              'canErrorCounter': 1,
              'canRcvTimeoutDEPRECATED': False,
              'canTimeout': False,
              'canValid': False,
              'carFaultedNonCritical': False,
              'charging': False,
              'clutchPressedDEPRECATED': False,
              'cruiseState': {'available': False,
                              'enabled': False,
                              'nonAdaptive': False,
                              'speed': 70.83333587646484,
                              'speedCluster': 70.83333587646484,
                              'speedOffsetDEPRECATED': 0.0,
                              'standstill': False},
              'cumLagMs': 311.2972717285156,
              'doorOpen': False,
              'engineRpmDEPRECATED': 0.0,
              'espActive': False,
              'espDisabled': False,
              'fuelGauge': 0.0,
              'gasDEPRECATED': 0.0,
              'gasPressed': False,
              'gearShifter': 'park',
              'genericToggle': False,
              'invalidLkasSetting': False,
              'leftBlindspot': False,
              'leftBlinker': False,
              'lowSpeedAlert': False,
              'parkingBrake': False,
              'regenBraking': False,
              'rightBlindspot': False,
              'rightBlinker': False,
              'seatbeltUnlatched': True,
              'standstill': False,
              'steerFaultPermanent': False,
              'steerFaultTemporary': False,
              'steeringAngleDeg': 0.30000001192092896,
              'steeringAngleOffsetDeg': 0.0,
              'steeringDisengage': False,
              'steeringPressed': False,
              'steeringRateDeg': 0.0,
              'steeringRateLimitedDEPRECATED': False,
              'steeringTorque': -22.0,
              'steeringTorqueEps': 0.20000000298023224,
              'stockAeb': False,
              'stockFcw': False,
              'stockLkas': False,
              'vCruise': 255.0,
              'vCruiseCluster': 255.0,
              'vEgo': 38.917572021484375,
              'vEgoCluster': 38.917572021484375,
              'vEgoRaw': 38.91059112548828,
              'vehicleSensorsInvalid': False,
              'yawRate': 0.0},
 'logMonoTime': 1714109250336,
 'valid': False}
{'customReserved7': {}, 'logMonoTime': 1714109430053, 'valid': False}
{'clocks': {'bootTimeNanosDEPRECATED': 0,
            'modemUptimeMillisDEPRECATED': 0,
            'monotonicNanosDEPRECATED': 0,
            'monotonicRawNanosDEPRECATD': 0,
            'wallTimeNanos': 1775127342156054760},
 'logMonoTime': 1714109496086,
 'valid': True}
{'logMonoTime': 1714112171276,
 'selfdriveState': {'active': False,
                    'alertHudVisual': 'none',
                    'alertSize': 'small',
                    'alertSound': 'none',
                    'alertStatus': 'normal',
                    'alertText1': 'Unknown Vehicle Variant',
                    'alertText2': '',
                    'alertType': 'canError/permanent',
                    'enabled': False,
                    'engageable': False,
                    'experimentalMode': False,
                    'personality': 'standard',
                    'state': 'disabled'},
 'valid': True}
{'customReserved0': {}, 'logMonoTime': 1714112350368, 'valid': True}
{'logMonoTime': 1714114436463,
 'roadEncodeIdx': {'encodeId': 33602,
                   'flags': 16400,
                   'frameId': 33604,
                   'len': 16341,
                   'segmentId': 2,
                   'segmentIdEncode': 0,
                   'segmentNum': 28,
                   'timestampEof': 1714085172133,
                   'timestampSof': 1714074172133,
                   'type': 'fullHEVC'},
 'valid': True}
{'logMonoTime': 1714114807043, 'uiDebug': {'drawTimeMillis': 7.105265140533447}, 'valid': False}
{'logMonoTime': 1714115503883,
 'qRoadEncodeIdx': {'encodeId': 33602,
                    'flags': 16400,
                    'frameId': 33604,
                    'len': 1152,
                    'segmentId': 2,
                    'segmentIdEncode': 0,
                    'segmentNum': 28,
                    'timestampEof': 1714085172133,
                    'timestampSof': 1714074172133,
                    'type': 'qcameraH264'},
 'valid': True}
{'logMonoTime': 1714120539196,
 'valid': True,
 'wideRoadEncodeIdx': {'encodeId': 33602,
                       'flags': 16400,
                       'frameId': 33604,
                       'len': 14560,
                       'segmentId': 2,
                       'segmentIdEncode': 0,
                       'segmentNum': 28,
                       'timestampEof': 1714085185412,
                       'timestampSof': 1714074185412,
                       'type': 'fullHEVC'}}
{'logMonoTime': 1714130398443, 'uiDebug': {'drawTimeMillis': 6.026700973510742}, 'valid': False}
{'liveTorqueParameters': {'calPerc': 0,
                          'decay': 50.0,
                          'frictionCoefficientFiltered': 0.004999999888241291,
                          'frictionCoefficientRaw': 0.0,
                          'latAccelFactorFiltered': 2.5,
                          'latAccelFactorRaw': 0.0,
                          'latAccelOffsetFiltered': 0.0,
                          'latAccelOffsetRaw': 0.0,
                          'liveValid': False,
                          'maxResets': 1.0,
                          'totalBucketPoints': 0.0,
                          'useParams': True,
                          'version': 1},
 'logMonoTime': 1714140818505,
 'valid': False}
{'logMonoTime': 1714139047891,
 'radarState': {'angleOffsetDEPRECATED': 0.0,
                'calCycleDEPRECATED': 0,
                'calPercDEPRECATED': 0,
                'calStatusDEPRECATED': 0,
                'carStateMonoTime': 1714130988630,
                'cumLagMsDEPRECATED': 0.0,
                'ftMonoTimeDEPRECATED': 0,
                'leadOne': {'aLeadDEPRECATED': 0.0,
                            'aLeadK': 0.0,
                            'aLeadTau': 0.0,
                            'aRel': 0.0,
                            'dPath': 0.0,
                            'dRel': 0.0,
                            'fcw': False,
                            'modelProb': 0.0,
                            'radar': False,
                            'radarTrackId': -1,
                            'status': False,
                            'vLat': 0.0,
                            'vLead': 0.0,
                            'vLeadK': 0.0,
                            'vRel': 0.0,
                            'yRel': 0.0},
                'leadTwo': {'aLeadDEPRECATED': 0.0,
                            'aLeadK': 0.0,
                            'aLeadTau': 0.0,
                            'aRel': 0.0,
                            'dPath': 0.0,
                            'dRel': 0.0,
                            'fcw': False,
                            'modelProb': 0.0,
                            'radar': False,
                            'radarTrackId': -1,
                            'status': False,
                            'vLat': 0.0,
                            'vLead': 0.0,
                            'vLeadK': 0.0,
                            'vRel': 0.0,
                            'yRel': 0.0},
                'mdMonoTime': 1714136693704,
                'radarErrors': {'canError': False, 'radarFault': False, 'radarUnavailableTemporary': False, 'wrongConfig': False}},
 'valid': False}
{'logMonoTime': 1714146222835, 'uiDebug': {'drawTimeMillis': 5.186024188995361}, 'valid': False}
{'controlsState': {'aEgoDEPRECATED': 0.0,
                   'aTargetDEPRECATED': 0.0,
                   'aTargetMaxDEPRECATED': 0.0,
                   'aTargetMinDEPRECATED': 0.0,
                   'activeDEPRECATED': False,
                   'alertBlinkingRateDEPRECATED': 0.0,
                   'alertSizeDEPRECATED': 'none',
                   'alertSound2DEPRECATED': 'none',
                   'alertStatusDEPRECATED': 'normal',
                   'angleModelBiasDEPRECATED': 0.0,
                   'angleSteersDEPRECATED': 0.0,
                   'awarenessStatusDEPRECATED': 0.0,
                   'canErrorCounterDEPRECATED': 0,
                   'canMonoTimeDEPRECATED': 0,
                   'cumLagMsDEPRECATED': 0.0,
                   'curvature': -0.00016217472148127854,
                   'decelForModelDEPRECATED': False,
                   'decelForTurnDEPRECATED': False,
                   'desiredCurvature': -0.00015863848966546357,
                   'desiredCurvatureRateDEPRECATED': 0.0,
                   'driverMonitoringOnDEPRECATED': False,
                   'enabledDEPRECATED': False,
                   'engageableDEPRECATED': False,
                   'experimentalModeDEPRECATED': False,
                   'forceDecel': False,
                   'gpsPlannerActiveDEPRECATED': False,
                   'hudLeadDEPRECATED': 0,
                   'jerkFactorDEPRECATED': 0.0,
                   'lateralControlState': {'torqueState': {'active': False,
                                                           'actualLateralAccel': 0.0,
                                                           'd': 0.0,
                                                           'desiredLateralAccel': 0.0,
                                                           'desiredLateralJerk': 0.0,
                                                           'error': 0.0,
                                                           'errorRate': 0.0,
                                                           'f': 0.0,
                                                           'i': 0.0,
                                                           'output': 0.0,
                                                           'p': 0.0,
                                                           'saturated': False,
                                                           'version': 1}},
                   'lateralPlanMonoTime': 1714136693704,
                   'longControlState': 'off',
                   'longitudinalPlanMonoTime': 1714102142988,
                   'mapValidDEPRECATED': False,
                   'mdMonoTimeDEPRECATED': 0,
                   'personalityDEPRECATED': 'aggressive',
                   'radarStateMonoTimeDEPRECATED': 0,
                   'rearViewCamDEPRECATED': False,
                   'startMonoTimeDEPRECATED': 0,
                   'stateDEPRECATED': 'disabled',
                   'steerOverrideDEPRECATED': False,
                   'steeringAngleDesiredDegDEPRECATED': 0.0,
                   'ufAccelCmd': 0.0,
                   'ufSteerDEPRECATED': 0.0,
                   'uiAccelCmd': 0.0,
                   'uiSteerDEPRECATED': 0.0,
                   'upAccelCmd': 0.0,
                   'upSteerDEPRECATED': 0.0,
                   'vCruiseClusterDEPRECATED': 0.0,
                   'vCruiseDEPRECATED': 0.0,
                   'vCurvatureDEPRECATED': 0.0,
                   'vEgoDEPRECATED': 0.0,
                   'vEgoRawDEPRECATED': 0.0,
                   'vPidDEPRECATED': 0.0,
                   'vTargetLeadDEPRECATED': 0.0,
                   'yActualDEPRECATED': 0.0,
                   'yDesDEPRECATED': 0.0},
 'logMonoTime': 1714147265987,
 'valid': False}
{'carControl': {'activeDEPRECATED': False,
                'actuators': {'accel': 0.0,
                              'brake': 0.0,
                              'curvature': -0.00015863848966546357,
                              'gas': 0.0,
                              'longControlState': 'off',
                              'speed': 0.0,
                              'steeringAngleDeg': 0.0,
                              'torque': -0.0,
                              'torqueOutputCan': 0.0},
                'angularVelocity': [0.0, 0.0, 0.0],
                'brakeDEPRECATED': 0.0,
                'cruiseControl': {'accelOverrideDEPRECATED': 0.0,
                                  'cancel': False,
                                  'override': False,
                                  'resume': False,
                                  'speedOverrideDEPRECATED': 0.0},
                'currentCurvature': -0.00016217472148127854,
                'enabled': False,
                'gasDEPRECATED': 0.0,
                'hudControl': {'audibleAlert': 'none',
                               'lanesVisible': False,
                               'leadDistanceBars': 2,
                               'leadVisible': False,
                               'leftLaneDepart': False,
                               'leftLaneVisible': True,
                               'rightLaneDepart': False,
                               'rightLaneVisible': True,
                               'setSpeed': 70.83333587646484,
                               'speedVisible': False,
                               'visualAlert': 'none'},
                'latActive': False,
                'leftBlinker': False,
                'longActive': False,
                'orientationNED': [-9.054397196450736e-06, -0.0032373121939599514, 0.022434642538428307],
                'pitchDEPRECATED': 0.0,
                'rightBlinker': False,
                'rollDEPRECATED': 0.0,
                'steeringTorqueDEPRECATED': 0.0},
 'logMonoTime': 1714147406803,
 'valid': False}
{'customReserved5': {}, 'logMonoTime': 1714147649169, 'valid': False}
{'logMonoTime': 1714156792097,
 'soundPressure': {'filteredSoundPressureWeightedDbDEPRECATED': 0.0,
                   'soundPressure': 0.04420849680900574,
                   'soundPressureWeighted': 0.005209903232753277,
                   'soundPressureWeightedDb': 48.31599426269531},
 'valid': True}
{'driverEncodeIdx': {'encodeId': 33603,
                     'flags': 16400,
                     'frameId': 33605,
                     'len': 27089,
                     'segmentId': 3,
                     'segmentIdEncode': 0,
                     'segmentNum': 28,
                     'timestampEof': 1714135250195,
                     'timestampSof': 1714124250195,
                     'type': 'fullHEVC'},
 'logMonoTime': 1714159369694,
 'valid': True}
{'logMonoTime': 1714164753142, 'uiDebug': {'drawTimeMillis': 7.082559108734131}, 'valid': False}
{'logMonoTime': 1714165854724,
 'roadEncodeIdx': {'encodeId': 33603,
                   'flags': 16400,
                   'frameId': 33605,
                   'len': 30356,
                   'segmentId': 3,
                   'segmentIdEncode': 0,
                   'segmentNum': 28,
                   'timestampEof': 1714135163330,
                   'timestampSof': 1714124163330,
                   'type': 'fullHEVC'},
 'valid': True}
{'logMonoTime': 1714166175257,
 'qRoadEncodeIdx': {'encodeId': 33603,
                    'flags': 16400,
                    'frameId': 33605,
                    'len': 1504,
                    'segmentId': 3,
                    'segmentIdEncode': 0,
                    'segmentNum': 28,
                    'timestampEof': 1714135163330,
                    'timestampSof': 1714124163330,
                    'type': 'qcameraH264'},
 'valid': True}
{'logMonoTime': 1714171278270,
 'valid': True,
 'wideRoadEncodeIdx': {'encodeId': 33603,
                       'flags': 16400,
                       'frameId': 33605,
                       'len': 23588,
                       'segmentId': 3,
                       'segmentIdEncode': 0,
                       'segmentNum': 28,
                       'timestampEof': 1714135177131,
                       'timestampSof': 1714124177131,
                       'type': 'fullHEVC'}}
{'cameraOdometry': {'frameId': 33605,
                    'roadTransformTrans': [9.873881936073303e-06, -5.3085386753082275e-06, 1.2159755229949951],
                    'roadTransformTransStd': [0.000988433021120727, 0.0009798536775633693, 0.014466812834143639],
                    'rot': [-0.018562808632850647, 0.0005396641790866852, -0.0010155849158763885],
                    'rotStd': [0.007967791520059109, 0.003696663537994027, 0.0020155995152890682],
                    'timestampEof': 1714135163330,
                    'trans': [37.450435638427734, -0.013382352888584137, 0.01917077600955963],
                    'transStd': [1.572998285293579, 0.10594157129526138, 0.06549709290266037],
                    'wideFromDeviceEuler': [-2.3134052753448486e-05, -0.010533615946769714, -0.0015875604003667831],
                    'wideFromDeviceEulerStd': [0.0009840058628469706, 0.0040854779072105885, 0.006615880411118269]},
 'logMonoTime': 1714186752914,
 'valid': True}
{'drivingModelData': {'action': {'desiredAcceleration': -0.02628742903470993, 'desiredCurvature': -2.2182352040545084e-05, 'shouldStop': False},
                      'frameDropPerc': 0.0,
                      'frameId': 33605,
                      'frameIdExtra': 33605,
                      'laneLineMeta': {'leftProb': 0.9154452085494995,
                                       'leftY': -1.3688896894454956,
                                       'rightProb': 0.5164170861244202,
                                       'rightY': 1.8442633152008057},
                      'meta': {'laneChangeDirection': 'none', 'laneChangeState': 'off'},
                      'modelExecutionTime': 0.026814332231879234,
                      'path': {'xCoefficients': [-0.0154847651720047, 40.851287841796875, 0.019662758335471153, -0.0004311589291319251,
                                                 -0.0006023846799507737],
                               'yCoefficients': [0.004766091704368591, -0.02199806272983551, 0.016954967752099037, -0.0010249328333884478,
                                                 3.4788710763677955e-05],
                               'zCoefficients': [-0.0014260945608839393, 0.05304150655865669, -0.009619970805943012, 0.0007504656678065658,
                                                 -8.134177733154502e-06]}},
 'logMonoTime': 1714186734687,
 'valid': True}
{'liveParameters': {'angleOffsetAverageDeg': 0.0,
                    'angleOffsetAverageStd': 0.0003490658418741077,
                    'angleOffsetAverageValid': True,
                    'angleOffsetDeg': 0.0,
                    'angleOffsetFastStd': 0.004363323096185923,
                    'angleOffsetValid': True,
                    'gyroBias': 0.0,
                    'posenetSpeed': 0.0,
                    'posenetValid': True,
                    'roll': 0.0,
                    'sensorValid': True,
                    'steerRatio': 14.260000228881836,
                    'steerRatioStd': 0.009999999776482582,
                    'steerRatioValid': True,
                    'stiffnessFactor': 1.0,
                    'stiffnessFactorStd': 0.0005000000237487257,
                    'stiffnessFactorValid': True,
                    'valid': True,
                    'yawRateDEPRECATED': 0.0},
 'logMonoTime': 1714190875163,
 'valid': False}
{'logMonoTime': 1714194963615,
 'longitudinalPlan': {'aCruiseDEPRECATED': 0.0,
                      'aStartDEPRECATED': 0.0,
                      'aTarget': 0.539556086063385,
                      'aTargetMaxDEPRECATED': 0.0,
                      'aTargetMinDEPRECATED': 0.0,
                      'accels': [0.6124045848846436, 0.6113061904907227, 0.6080110669136047, 0.6023557186126709, 0.5940611958503723,
                                 0.583396852016449, 0.5691766142845154, 0.5517319440841675, 0.5316034555435181, 0.5061070919036865,
                                 0.47761106491088867, 0.44571635127067566, 0.4099500775337219, 0.37107372283935547, 0.33106234669685364,
                                 0.28910911083221436, 0.24426253139972687],
                      'allowBrake': True,
                      'allowThrottle': True,
                      'commIssueDEPRECATED': False,
                      'decelForTurnDEPRECATED': False,
                      'fcw': False,
                      'gpsPlannerActiveDEPRECATED': False,
                      'hasLead': False,
                      'hasLeftLaneDEPRECATED': False,
                      'hasRightLaneDEPRECATED': False,
                      'jerkFactorDEPRECATED': 0.0,
                      'jerks': [-0.11247387528419495, -0.11372022330760956, -0.1174592673778534, -0.12275996804237366, -0.1280340999364853,
                                -0.13481511175632477, -0.14084602892398834, -0.14675748348236084, -0.15357838571071625, -0.15551112592220306,
                                -0.157671257853508, -0.1579851359128952, -0.1539963334798813, -0.14966066181659698, -0.1418098360300064,
                                -0.13173821568489075, -0.12097200751304626],
                      'laneWidthDEPRECATED': 0.0,
                      'lateralValidDEPRECATED': False,
                      'longitudinalPlanSource': 'cruise',
                      'longitudinalValidDEPRECATED': False,
                      'mapValidDEPRECATED': False,
                      'modelMonoTime': 1714186690995,
                      'personalityDEPRECATED': 'aggressive',
                      'processingDelay': -1714186747904.0,
                      'radarCanErrorDEPRECATED': False,
                      'radarStateMonoTimeDEPRECATED': 0,
                      'radarValidDEPRECATED': False,
                      'shouldStop': False,
                      'solverExecutionTime': 0.0005549999768845737,
                      'speeds': [39.06965637207031, 39.075599670410156, 39.09342575073242, 39.122833251953125, 39.163299560546875, 39.21532440185547,
                                 39.276222229003906, 39.34674072265625, 39.428104400634766, 39.510162353515625, 39.60187530517578, 39.69709777832031,
                                 39.78855514526367, 39.88796615600586, 39.97640609741211, 40.06160354614258, 40.152679443359375],
                      'vCruiseDEPRECATED': 0.0,
                      'vCurvatureDEPRECATED': 0.0,
                      'vMaxDEPRECATED': 0.0,
                      'vStartDEPRECATED': 0.0,
                      'vTargetDEPRECATED': 0.0,
                      'vTargetFutureDEPRECATED': 0.0},
 'valid': False}
{'logMonoTime': 1714189555171,
 'pandaStates': [{'alternativeExperience': 1024,
                  'canState0': {'brsEnabled': True,
                                'busOff': False,
                                'busOffCnt': 0,
                                'canCoreResetCnt': 0,
                                'canDataSpeed': 2000,
                                'canSpeed': 500,
                                'canfdEnabled': True,
                                'canfdNonIso': False,
                                'errorPassive': False,
                                'errorWarning': False,
                                'irq0CallRate': 967,
                                'irq1CallRate': 885,
                                'irq2CallRate': 0,
                                'lastDataError': 'noError',
                                'lastDataStoredError': 'noError',
                                'lastError': 'noChange',
                                'lastStoredError': 'noError',
                                'receiveErrorCnt': 0,
                                'totalErrorCnt': 0,
                                'totalFwdCnt': 1397274,
                                'totalRxCnt': 1629599,
                                'totalRxLostCnt': 1,
                                'totalTxCnt': 1476480,
                                'totalTxLostCnt': 0,
                                'transmitErrorCnt': 0},
                  'canState1': {'brsEnabled': True,
                                'busOff': False,
                                'busOffCnt': 0,
                                'canCoreResetCnt': 5,
                                'canDataSpeed': 2000,
                                'canSpeed': 500,
                                'canfdEnabled': True,
                                'canfdNonIso': False,
                                'errorPassive': False,
                                'errorWarning': False,
                                'irq0CallRate': 3191,
                                'irq1CallRate': 0,
                                'irq2CallRate': 0,
                                'lastDataError': 'noError',
                                'lastDataStoredError': 'noError',
                                'lastError': 'noChange',
                                'lastStoredError': 'stuffError',
                                'receiveErrorCnt': 0,
                                'totalErrorCnt': 44831,
                                'totalFwdCnt': 0,
                                'totalRxCnt': 5675890,
                                'totalRxLostCnt': 1,
                                'totalTxCnt': 58,
                                'totalTxLostCnt': 2,
                                'transmitErrorCnt': 0},
                  'canState2': {'brsEnabled': True,
                                'busOff': False,
                                'busOffCnt': 0,
                                'canCoreResetCnt': 0,
                                'canDataSpeed': 2000,
                                'canSpeed': 500,
                                'canfdEnabled': True,
                                'canfdNonIso': False,
                                'errorPassive': False,
                                'errorWarning': False,
                                'irq0CallRate': 867,
                                'irq1CallRate': 966,
                                'irq2CallRate': 0,
                                'lastDataError': 'noError',
                                'lastDataStoredError': 'noError',
                                'lastError': 'noChange',
                                'lastStoredError': 'noError',
                                'receiveErrorCnt': 0,
                                'totalErrorCnt': 0,
                                'totalFwdCnt': 1476480,
                                'totalRxCnt': 1511276,
                                'totalRxLostCnt': 0,
                                'totalTxCnt': 1597594,
                                'totalTxLostCnt': 0,
                                'transmitErrorCnt': 0},
                  'controlsAllowed': False,
                  'current': 484,
                  'fanPower': 45,
                  'fanSpeedRpmDEPRECATED': 0,
                  'fanStallCountDEPRECATED': 0,
                  'faultStatus': 'faultTemp',
                  'faults': ['interruptRateCan2'],
                  'gasInterceptorDetectedDEPRECATED': False,
                  'gmlanSendErrsDEPRECATED': 0,
                  'harnessStatus': 'flipped',
                  'hasGpsDEPRECATED': False,
                  'heartbeatLost': False,
                  'ignitionCan': False,
                  'ignitionLine': True,
                  'interruptLoad': 0.3252944350242615,
                  'pandaType': 'cuatro',
                  'powerSaveEnabled': False,
                  'rxBufferOverflow': 0,
                  'safetyModel': 'hyundaiCanfd',
                  'safetyParam': 177,
                  'safetyParam2DEPRECATED': 0,
                  'safetyParamDEPRECATED': 0,
                  'safetyRxChecksInvalid': True,
                  'safetyRxInvalid': 83427,
                  'safetyTxBlocked': 0,
                  'sbu1Voltage': 0.06700000166893005,
                  'sbu2Voltage': 0.28700000047683716,
                  'spiErrorCount': 11758,
                  'startedSignalDetectedDEPRECATED': False,
                  'txBufferOverflow': 0,
                  'uptime': 1695,
                  'usbPowerModeDEPRECATED': 'none',
                  'voltage': 12639}],
 'valid': True}
{'logMonoTime': 1714180189457, 'uiDebug': {'drawTimeMillis': 5.806935787200928}, 'valid': False}
{'customReserved2': {}, 'logMonoTime': 1714195127865, 'valid': False}
{'logMonoTime': 1714200442467, 'uiDebug': {'drawTimeMillis': 9.395240783691406}, 'valid': False}
{'clocks': {'bootTimeNanosDEPRECATED': 0,
            'modemUptimeMillisDEPRECATED': 0,
            'monotonicNanosDEPRECATED': 0,
            'monotonicRawNanosDEPRECATD': 0,
            'wallTimeNanos': 1775127342254577909},
 'logMonoTime': 1714208023298,
 'valid': True}
{'driverEncodeIdx': {'encodeId': 33604,
                     'flags': 16400,
                     'frameId': 33606,
                     'len': 35971,
                     'segmentId': 4,
                     'segmentIdEncode': 0,
                     'segmentNum': 28,
                     'timestampEof': 1714185260192,
                     'timestampSof': 1714174260192,
                     'type': 'fullHEVC'},
 'logMonoTime': 1714209560919,
 'valid': True}
{'carOutput': {'actuatorsOutput': {'accel': 0.0,
                                   'brake': 0.0,
                                   'curvature': -0.000306696689222008,
                                   'gas': 0.0,
                                   'longControlState': 'off',
                                   'speed': 0.0,
                                   'steeringAngleDeg': 0.0,
                                   'torque': 0.0,
                                   'torqueOutputCan': 0.0}},
 'logMonoTime': 1714209887337,
 'valid': False}
{'carState': {'aEgo': 1.655752420425415,
              'accFaulted': False,
              'blockPcmEnable': True,
              'brake': 0.0,
              'brakeHoldActive': False,
              'brakeLightsDEPRECATED': False,
              'brakePressed': False,
              'buttonEnable': False,
              'buttonEvents': [],
              'canErrorCounter': 1,
              'canRcvTimeoutDEPRECATED': False,
              'canTimeout': False,
              'canValid': False,
              'carFaultedNonCritical': False,
              'charging': False,
              'clutchPressedDEPRECATED': False,
              'cruiseState': {'available': False,
                              'enabled': False,
                              'nonAdaptive': False,
                              'speed': 70.83333587646484,
                              'speedCluster': 70.83333587646484,
                              'speedOffsetDEPRECATED': 0.0,
                              'standstill': False},
              'cumLagMs': 312.296142578125,
              'doorOpen': False,
              'engineRpmDEPRECATED': 0.0,
              'espActive': False,
              'espDisabled': False,
              'fuelGauge': 0.0,
              'gasDEPRECATED': 0.0,
              'gasPressed': False,
              'gearShifter': 'park',
              'genericToggle': False,
              'invalidLkasSetting': False,
              'leftBlindspot': False,
              'leftBlinker': False,
              'lowSpeedAlert': False,
              'parkingBrake': False,
              'regenBraking': False,
              'rightBlindspot': False,
              'rightBlinker': False,
              'seatbeltUnlatched': True,
              'standstill': False,
              'steerFaultPermanent': False,
              'steerFaultTemporary': False,
              'steeringAngleDeg': 1.7000000476837158,
              'steeringAngleOffsetDeg': 0.0,
              'steeringDisengage': False,
              'steeringPressed': False,
              'steeringRateDeg': 8.0,
              'steeringRateLimitedDEPRECATED': False,
              'steeringTorque': 348.0,
              'steeringTorqueEps': 1.5,
              'stockAeb': False,
              'stockFcw': False,
              'stockLkas': False,
              'vCruise': 255.0,
              'vCruiseCluster': 255.0,
              'vEgo': 39.10810470581055,
              'vEgoCluster': 39.10810470581055,
              'vEgoRaw': 39.1015625,
              'vehicleSensorsInvalid': False,
              'yawRate': 0.0},
 'logMonoTime': 1714209990918,
 'valid': False}
{'customReserved7': {}, 'logMonoTime': 1714210268019, 'valid': False}
{'logMonoTime': 1714212921232,
 'selfdriveState': {'active': False,
                    'alertHudVisual': 'none',
                    'alertSize': 'small',
                    'alertSound': 'none',
                    'alertStatus': 'normal',
                    'alertText1': 'Unknown Vehicle Variant',
                    'alertText2': '',
                    'alertType': 'canError/permanent',
                    'enabled': False,
                    'engageable': False,
                    'experimentalMode': False,
                    'personality': 'standard',
                    'state': 'disabled'},
 'valid': True}
{'customReserved0': {}, 'logMonoTime': 1714213111261, 'valid': True}
{'logMonoTime': 1714214845889, 'uiDebug': {'drawTimeMillis': 7.136043071746826}, 'valid': False}
{'logMonoTime': 1714217297929,
 'qRoadEncodeIdx': {'encodeId': 33604,
                    'flags': 16400,
                    'frameId': 33606,
                    'len': 1744,
                    'segmentId': 4,
                    'segmentIdEncode': 0,
                    'segmentNum': 28,
                    'timestampEof': 1714185153434,
                    'timestampSof': 1714174153434,
                    'type': 'qcameraH264'},
 'valid': True}
{'logMonoTime': 1714219295233,
 'roadEncodeIdx': {'encodeId': 33604,
                   'flags': 16400,
                   'frameId': 33606,
                   'len': 50857,
                   'segmentId': 4,
                   'segmentIdEncode': 0,
                   'segmentNum': 28,
                   'timestampEof': 1714185153434,
                   'timestampSof': 1714174153434,
                   'type': 'fullHEVC'},
 'valid': True}
{'logMonoTime': 1714230502438, 'uiDebug': {'drawTimeMillis': 6.067841053009033}, 'valid': False}
{'logMonoTime': 1714221942874,
 'valid': True,
 'wideRoadEncodeIdx': {'encodeId': 33604,
                       'flags': 16400,
                       'frameId': 33606,
                       'len': 38078,
                       'segmentId': 4,
                       'segmentIdEncode': 0,
                       'segmentNum': 28,
                       'timestampEof': 1714185167079,
                       'timestampSof': 1714174167079,
                       'type': 'fullHEVC'}}
{'liveDelay': {'calPerc': 0,
               'lateralDelay': 0.30000001192092896,
               'lateralDelayEstimate': 0.30000001192092896,
               'lateralDelayEstimateStd': 0.0,
               'status': 'unestimated',
               'validBlocks': 0},
 'logMonoTime': 1714245581089,
 'valid': False}
{'controlsState': {'aEgoDEPRECATED': 0.0,
                   'aTargetDEPRECATED': 0.0,
                   'aTargetMaxDEPRECATED': 0.0,
                   'aTargetMinDEPRECATED': 0.0,
                   'activeDEPRECATED': False,
                   'alertBlinkingRateDEPRECATED': 0.0,
                   'alertSizeDEPRECATED': 'none',
                   'alertSound2DEPRECATED': 'none',
                   'alertStatusDEPRECATED': 'normal',
                   'angleModelBiasDEPRECATED': 0.0,
                   'angleSteersDEPRECATED': 0.0,
                   'awarenessStatusDEPRECATED': 0.0,
                   'canErrorCounterDEPRECATED': 0,
                   'canMonoTimeDEPRECATED': 0,
                   'cumLagMsDEPRECATED': 0.0,
                   'curvature': -0.00043858890421688557,
                   'decelForModelDEPRECATED': False,
                   'decelForTurnDEPRECATED': False,
                   'desiredCurvature': -0.00043858890421688557,
                   'desiredCurvatureRateDEPRECATED': 0.0,
                   'driverMonitoringOnDEPRECATED': False,
                   'enabledDEPRECATED': False,
                   'engageableDEPRECATED': False,
                   'experimentalModeDEPRECATED': False,
                   'forceDecel': False,
                   'gpsPlannerActiveDEPRECATED': False,
                   'hudLeadDEPRECATED': 0,
                   'jerkFactorDEPRECATED': 0.0,
                   'lateralControlState': {'torqueState': {'active': False,
                                                           'actualLateralAccel': 0.0,
                                                           'd': 0.0,
                                                           'desiredLateralAccel': 0.0,
                                                           'desiredLateralJerk': 0.0,
                                                           'error': 0.0,
                                                           'errorRate': 0.0,
                                                           'f': 0.0,
                                                           'i': 0.0,
                                                           'output': 0.0,
                                                           'p': 0.0,
                                                           'saturated': False,
                                                           'version': 1}},
                   'lateralPlanMonoTime': 1714236944087,
                   'longControlState': 'off',
                   'longitudinalPlanMonoTime': 1714244965176,
                   'mapValidDEPRECATED': False,
                   'mdMonoTimeDEPRECATED': 0,
                   'personalityDEPRECATED': 'aggressive',
                   'radarStateMonoTimeDEPRECATED': 0,
                   'rearViewCamDEPRECATED': False,
                   'startMonoTimeDEPRECATED': 0,
                   'stateDEPRECATED': 'disabled',
                   'steerOverrideDEPRECATED': False,
                   'steeringAngleDesiredDegDEPRECATED': 0.0,
                   'ufAccelCmd': 0.0,
                   'ufSteerDEPRECATED': 0.0,
                   'uiAccelCmd': 0.0,
                   'uiSteerDEPRECATED': 0.0,
                   'upAccelCmd': 0.0,
                   'upSteerDEPRECATED': 0.0,
                   'vCruiseClusterDEPRECATED': 0.0,
                   'vCruiseDEPRECATED': 0.0,
                   'vCurvatureDEPRECATED': 0.0,
                   'vEgoDEPRECATED': 0.0,
                   'vEgoRawDEPRECATED': 0.0,
                   'vPidDEPRECATED': 0.0,
                   'vTargetLeadDEPRECATED': 0.0,
                   'yActualDEPRECATED': 0.0,
                   'yDesDEPRECATED': 0.0},
 'logMonoTime': 1714247145270,
 'valid': False}
{'carControl': {'activeDEPRECATED': False,
                'actuators': {'accel': 0.0,
                              'brake': 0.0,
                              'curvature': -0.00043858890421688557,
                              'gas': 0.0,
                              'longControlState': 'off',
                              'speed': 0.0,
                              'steeringAngleDeg': 0.0,
                              'torque': -0.0,
                              'torqueOutputCan': 0.0},
                'angularVelocity': [0.0, 0.0, 0.0],
                'brakeDEPRECATED': 0.0,
                'cruiseControl': {'accelOverrideDEPRECATED': 0.0,
                                  'cancel': False,
                                  'override': False,
                                  'resume': False,
                                  'speedOverrideDEPRECATED': 0.0},
                'currentCurvature': -0.00043858890421688557,
                'enabled': False,
                'gasDEPRECATED': 0.0,
                'hudControl': {'audibleAlert': 'none',
                               'lanesVisible': False,
                               'leadDistanceBars': 2,
                               'leadVisible': False,
                               'leftLaneDepart': False,
                               'leftLaneVisible': True,
                               'rightLaneDepart': False,
                               'rightLaneVisible': True,
                               'setSpeed': 70.83333587646484,
                               'speedVisible': False,
                               'visualAlert': 'none'},
                'latActive': False,
                'leftBlinker': False,
                'longActive': False,
                'orientationNED': [-9.054397196450736e-06, -0.0032373121939599514, 0.022434642538428307],
                'pitchDEPRECATED': 0.0,
                'rightBlinker': False,
                'rollDEPRECATED': 0.0,
                'steeringTorqueDEPRECATED': 0.0},
 'logMonoTime': 1714247289210,
 'valid': False}
{'customReserved5': {}, 'logMonoTime': 1714247535690, 'valid': False}
{'logMonoTime': 1714250418406, 'uiDebug': {'drawTimeMillis': 9.377483367919922}, 'valid': False}
{'logMonoTime': 1714250794817,
 'sendcan': [{'address': 272,
              'busTimeDEPRECATED': 0,
              'dat': b'\xe2\x11\xc4\x02@\x00\x08\x00d\x00\x00\x00\x00\x00\x00\x00\x00\x00\x00\x00\x00\x00\x00\x00\x00\x00\x00\x00\x00\x00\x00\x00',
              'src': 0}],
 'valid': False}
{'driverEncodeIdx': {'encodeId': 33605,
                     'flags': 16400,
                     'frameId': 33607,
                     'len': 37885,
                     'segmentId': 5,
                     'segmentIdEncode': 0,
                     'segmentNum': 28,
                     'timestampEof': 1714235239829,
                     'timestampSof': 1714224239829,
                     'type': 'fullHEVC'},
 'logMonoTime': 1714259291316,
 'valid': True}
{'logMonoTime': 1714264742932, 'uiDebug': {'drawTimeMillis': 7.052615165710449}, 'valid': False}
{'logMonoTime': 1714267898114,
 'roadEncodeIdx': {'encodeId': 33605,
                   'flags': 16400,
                   'frameId': 33607,
                   'len': 74324,
                   'segmentId': 5,
                   'segmentIdEncode': 0,
                   'segmentNum': 28,
                   'timestampEof': 1714235144736,
                   'timestampSof': 1714224144736,
                   'type': 'fullHEVC'},
 'valid': True}
{'logMonoTime': 1714268951160,
 'qRoadEncodeIdx': {'encodeId': 33605,
                    'flags': 16400,
                    'frameId': 33607,
                    'len': 2144,
                    'segmentId': 5,
                    'segmentIdEncode': 0,
                    'segmentNum': 28,
                    'timestampEof': 1714235144736,
                    'timestampSof': 1714224144736,
                    'type': 'qcameraH264'},
 'valid': True}
{'logMonoTime': 1714272756678,
 'valid': True,
 'wideRoadEncodeIdx': {'encodeId': 33605,
                       'flags': 16400,
                       'frameId': 33607,
                       'len': 71560,
                       'segmentId': 5,
                       'segmentIdEncode': 0,
                       'segmentNum': 28,
                       'timestampEof': 1714235158745,
                       'timestampSof': 1714224158745,
                       'type': 'fullHEVC'}}
{'logMonoTime': 1714279936569, 'uiDebug': {'drawTimeMillis': 5.539416790008545}, 'valid': False}
{'livePose': {'accelerationDevice': {'valid': False, 'x': 0.0, 'xStd': 100.0, 'y': 0.0, 'yStd': 100.0, 'z': 0.0, 'zStd': 100.0},
              'angularVelocityDevice': {'valid': False, 'x': 0.0, 'xStd': 1.0, 'y': 0.0, 'yStd': 1.0, 'z': 0.0, 'zStd': 1.0},
              'inputsOK': False,
              'orientationNED': {'valid': False,
                                 'x': 0.0,
                                 'xStd': 0.009999999776482582,
                                 'y': 0.0,
                                 'yStd': 0.009999999776482582,
                                 'z': 0.0,
                                 'zStd': 0.009999999776482582},
              'posenetOK': True,
              'sensorsOK': True,
              'velocityDevice': {'valid': False, 'x': 0.0, 'xStd': 10.0, 'y': 0.0, 'yStd': 10.0, 'z': 0.0, 'zStd': 10.0}},
 'logMonoTime': 1714290983481,
 'valid': False}
{'logMonoTime': 1714289548502,
 'pandaStates': [{'alternativeExperience': 1024,
                  'canState0': {'brsEnabled': True,
                                'busOff': False,
                                'busOffCnt': 0,
                                'canCoreResetCnt': 0,
                                'canDataSpeed': 2000,
                                'canSpeed': 500,
                                'canfdEnabled': True,
                                'canfdNonIso': False,
                                'errorPassive': False,
                                'errorWarning': False,
                                'irq0CallRate': 967,
                                'irq1CallRate': 885,
                                'irq2CallRate': 0,
                                'lastDataError': 'noError',
                                'lastDataStoredError': 'noError',
                                'lastError': 'noChange',
                                'lastStoredError': 'noError',
                                'receiveErrorCnt': 0,
                                'totalErrorCnt': 0,
                                'totalFwdCnt': 1397359,
                                'totalRxCnt': 1629696,
                                'totalRxLostCnt': 1,
                                'totalTxCnt': 1476569,
                                'totalTxLostCnt': 0,
                                'transmitErrorCnt': 0},
                  'canState1': {'brsEnabled': True,
                                'busOff': False,
                                'busOffCnt': 0,
                                'canCoreResetCnt': 5,
                                'canDataSpeed': 2000,
                                'canSpeed': 500,
                                'canfdEnabled': True,
                                'canfdNonIso': False,
                                'errorPassive': False,
                                'errorWarning': False,
                                'irq0CallRate': 3191,
                                'irq1CallRate': 0,
                                'irq2CallRate': 0,
                                'lastDataError': 'noError',
                                'lastDataStoredError': 'noError',
                                'lastError': 'noChange',
                                'lastStoredError': 'stuffError',
                                'receiveErrorCnt': 0,
                                'totalErrorCnt': 44831,
                                'totalFwdCnt': 0,
                                'totalRxCnt': 5676238,
                                'totalRxLostCnt': 1,
                                'totalTxCnt': 58,
                                'totalTxLostCnt': 2,
                                'transmitErrorCnt': 0},
                  'canState2': {'brsEnabled': True,
                                'busOff': False,
                                'busOffCnt': 0,
                                'canCoreResetCnt': 0,
                                'canDataSpeed': 2000,
                                'canSpeed': 500,
                                'canfdEnabled': True,
                                'canfdNonIso': False,
                                'errorPassive': False,
                                'errorWarning': False,
                                'irq0CallRate': 867,
                                'irq1CallRate': 966,
                                'irq2CallRate': 0,
                                'lastDataError': 'noError',
                                'lastDataStoredError': 'noError',
                                'lastError': 'noChange',
                                'lastStoredError': 'noError',
                                'receiveErrorCnt': 0,
                                'totalErrorCnt': 0,
                                'totalFwdCnt': 1476569,
                                'totalRxCnt': 1511365,
                                'totalRxLostCnt': 0,
                                'totalTxCnt': 1597691,
                                'totalTxLostCnt': 0,
                                'transmitErrorCnt': 0},
                  'controlsAllowed': False,
                  'current': 480,
                  'fanPower': 45,
                  'fanSpeedRpmDEPRECATED': 0,
                  'fanStallCountDEPRECATED': 0,
                  'faultStatus': 'faultTemp',
                  'faults': ['interruptRateCan2'],
                  'gasInterceptorDetectedDEPRECATED': False,
                  'gmlanSendErrsDEPRECATED': 0,
                  'harnessStatus': 'flipped',
                  'hasGpsDEPRECATED': False,
                  'heartbeatLost': False,
                  'ignitionCan': False,
                  'ignitionLine': True,
                  'interruptLoad': 0.3252944350242615,
                  'pandaType': 'cuatro',
                  'powerSaveEnabled': False,
                  'rxBufferOverflow': 0,
                  'safetyModel': 'hyundaiCanfd',
                  'safetyParam': 177,
                  'safetyParam2DEPRECATED': 0,
                  'safetyParamDEPRECATED': 0,
                  'safetyRxChecksInvalid': True,
                  'safetyRxInvalid': 83432,
                  'safetyTxBlocked': 0,
                  'sbu1Voltage': 0.06700000166893005,
                  'sbu2Voltage': 0.28700000047683716,
                  'spiErrorCount': 11758,
                  'startedSignalDetectedDEPRECATED': False,
                  'txBufferOverflow': 0,
                  'uptime': 1695,
                  'usbPowerModeDEPRECATED': 'none',
                  'voltage': 12617}],
 'valid': True}
{'logMonoTime': 1714296373229, 'uiDebug': {'drawTimeMillis': 5.292781829833984}, 'valid': False}
{'gyroscope': {'gyroUncalibrated': {'status': 1, 'v': [-0.02580905705690384, -0.03680463135242462, -0.045204028487205505]},
               'sensor': 5,
               'source': 'lsm6ds3trc',
               'timestamp': 1714296187314,
               'type': 16,
               'uncalibratedDEPRECATED': False,
               'version': 2},
 'logMonoTime': 1714298180140,
 'valid': True}
{'carOutput': {'actuatorsOutput': {'accel': 0.0,
                                   'brake': 0.0,
                                   'curvature': -0.0004609156749211252,
                                   'gas': 0.0,
                                   'longControlState': 'off',
                                   'speed': 0.0,
                                   'steeringAngleDeg': 0.0,
                                   'torque': 0.0,
                                   'torqueOutputCan': 0.0}},
 'logMonoTime': 1714309830206,
 'valid': False}
{'carState': {'aEgo': 1.5487593412399292,
              'accFaulted': False,
              'blockPcmEnable': True,
              'brake': 0.0,
              'brakeHoldActive': False,
              'brakeLightsDEPRECATED': False,
              'brakePressed': False,
              'buttonEnable': False,
              'buttonEvents': [],
              'canErrorCounter': 1,
              'canRcvTimeoutDEPRECATED': False,
              'canTimeout': False,
              'canValid': False,
              'carFaultedNonCritical': False,
              'charging': False,
              'clutchPressedDEPRECATED': False,
              'cruiseState': {'available': False,
                              'enabled': False,
                              'nonAdaptive': False,
                              'speed': 70.83333587646484,
                              'speedCluster': 70.83333587646484,
                              'speedOffsetDEPRECATED': 0.0,
                              'standstill': False},
              'cumLagMs': 311.9770202636719,
              'doorOpen': False,
              'engineRpmDEPRECATED': 0.0,
              'espActive': False,
              'espDisabled': False,
              'fuelGauge': 0.0,
              'gasDEPRECATED': 0.0,
              'gasPressed': False,
              'gearShifter': 'park',
              'genericToggle': False,
              'invalidLkasSetting': False,
              'leftBlindspot': False,
              'leftBlinker': False,
              'lowSpeedAlert': False,
              'parkingBrake': False,
              'regenBraking': False,
              'rightBlindspot': False,
              'rightBlinker': False,
              'seatbeltUnlatched': True,
              'standstill': False,
              'steerFaultPermanent': False,
              'steerFaultTemporary': False,
              'steeringAngleDeg': 2.0,
              'steeringAngleOffsetDeg': 0.0,
              'steeringDisengage': False,
              'steeringPressed': True,
              'steeringRateDeg': 0.0,
              'steeringRateLimitedDEPRECATED': False,
              'steeringTorque': 224.0,
              'steeringTorqueEps': 0.30000001192092896,
              'stockAeb': False,
              'stockFcw': False,
              'stockLkas': False,
              'vCruise': 255.0,
              'vCruiseCluster': 255.0,
              'vEgo': 39.25577926635742,
              'vEgoCluster': 39.25577926635742,
              'vEgoRaw': 39.24045181274414,
              'vehicleSensorsInvalid': False,
              'yawRate': 0.0},
 'logMonoTime': 1714309932173,
 'valid': False}
{'customReserved7': {}, 'logMonoTime': 1714310199796, 'valid': False}
{'driverEncodeIdx': {'encodeId': 33606,
                     'flags': 16400,
                     'frameId': 33608,
                     'len': 53131,
                     'segmentId': 6,
                     'segmentIdEncode': 0,
                     'segmentNum': 28,
                     'timestampEof': 1714285248368,
                     'timestampSof': 1714274248368,
                     'type': 'fullHEVC'},
 'logMonoTime': 1714309325998,
 'valid': True}
{'clocks': {'bootTimeNanosDEPRECATED': 0,
            'modemUptimeMillisDEPRECATED': 0,
            'monotonicNanosDEPRECATED': 0,
            'monotonicRawNanosDEPRECATD': 0,
            'wallTimeNanos': 1775127342357718767},
 'logMonoTime': 1714311264924,
 'valid': True}
{'logMonoTime': 1714312931176,
 'selfdriveState': {'active': False,
                    'alertHudVisual': 'none',
                    'alertSize': 'small',
                    'alertSound': 'none',
                    'alertStatus': 'normal',
                    'alertText1': 'Unknown Vehicle Variant',
                    'alertText2': '',
                    'alertType': 'canError/permanent',
                    'enabled': False,
                    'engageable': False,
                    'experimentalMode': False,
                    'personality': 'standard',
                    'state': 'disabled'},
 'valid': True}
{'customReserved0': {}, 'logMonoTime': 1714313096364, 'valid': True}
{'logMonoTime': 1714315085596, 'uiDebug': {'drawTimeMillis': 7.329247951507568}, 'valid': False}
{'logMonoTime': 1714320386554,
 'qRoadEncodeIdx': {'encodeId': 33606,
                    'flags': 16400,
                    'frameId': 33608,
                    'len': 1952,
                    'segmentId': 6,
                    'segmentIdEncode': 0,
                    'segmentNum': 28,
                    'timestampEof': 1714285156608,
                    'timestampSof': 1714274156608,
                    'type': 'qcameraH264'},
 'valid': True}
{'logMonoTime': 1714319859900,
 'roadEncodeIdx': {'encodeId': 33606,
                   'flags': 16400,
                   'frameId': 33608,
                   'len': 49885,
                   'segmentId': 6,
                   'segmentIdEncode': 0,
                   'segmentNum': 28,
                   'timestampEof': 1714285156608,
                   'timestampSof': 1714274156608,
                   'type': 'fullHEVC'},
 'valid': True}
{'logMonoTime': 1714323680729,
 'valid': True,
 'wideRoadEncodeIdx': {'encodeId': 33606,
                       'flags': 16400,
                       'frameId': 33608,
                       'len': 74463,
                       'segmentId': 6,
                       'segmentIdEncode': 0,
                       'segmentNum': 28,
                       'timestampEof': 1714285170096,
                       'timestampSof': 1714274170096,
                       'type': 'fullHEVC'}}
{'logMonoTime': 1714331338842, 'uiDebug': {'drawTimeMillis': 6.912059783935547}, 'valid': False}
{'deviceState': {'ambientTempCDEPRECATED': 0.0,
                 'batDEPRECATED': 0,
                 'batteryCurrentDEPRECATED': 0,
                 'batteryPercentDEPRECATED': 0,
                 'batteryTempCDEPRECATED': 0.0,
                 'batteryVoltageDEPRECATED': 0,
                 'carBatteryCapacityUwh': 30006297,
                 'caseTempC': 0.0,
                 'chargingDisabledDEPRECATED': False,
                 'chargingErrorDEPRECATED': False,
                 'cpu0DEPRECATED': 0,
                 'cpu1DEPRECATED': 0,
                 'cpu2DEPRECATED': 0,
                 'cpu3DEPRECATED': 0,
                 'cpuTempC': [65.9000015258789, 63.29999923706055, 63.900001525878906, 64.9000015258789, 65.9000015258789, 65.9000015258789,
                              61.29999923706055, 61.900001525878906],
                 'cpuUsagePercent': [57, 58, 58, 59, 82, 77, 0, 31],
                 'cpuUsagePercentDEPRECATED': 0,
                 'deviceType': 'mici',
                 'dspTempC': 59.599998474121094,
                 'exhaustTempC': -40.0,
                 'fanSpeedPercentDesired': 45,
                 'freeSpacePercent': 84.13216400146484,
                 'gpuDEPRECATED': 0,
                 'gpuTempC': [63.900001525878906, 61.599998474121094],
                 'gpuUsagePercent': 0,
                 'intakeTempC': 49.220001220703125,
                 'lastAthenaPingTime': 1660664202744,
                 'maxTempC': 66.12480163574219,
                 'memDEPRECATED': 0,
                 'memoryTempC': 57.599998474121094,
                 'memoryUsagePercent': 59,
                 'modemTempC': [53.0],
                 'networkMetered': True,
                 'networkStats': {'wwanRx': -1, 'wwanTx': -1},
                 'networkStrength': 'great',
                 'networkType': 'wifi',
                 'offroadPowerUsageUwh': 0,
                 'pa0DEPRECATED': 0,
                 'pmicTempC': [52.25199890136719, 37.0],
                 'powerDrawW': 0.0,
                 'screenBrightnessPercent': 82,
                 'somPowerDrawW': 6.49525260925293,
                 'started': True,
                 'startedMonoTime': 32729963840,
                 'thermalStatus': 'green',
                 'usbOnlineDEPRECATED': False},
 'logMonoTime': 1714293201539,
 'valid': True}
{'logMonoTime': 1714346755628, 'uiDebug': {'drawTimeMillis': 5.646330833435059}, 'valid': False}
{'carControl': {'activeDEPRECATED': False,
                'actuators': {'accel': 0.0,
                              'brake': 0.0,
                              'curvature': -0.0004372820258140564,
                              'gas': 0.0,
                              'longControlState': 'off',
                              'speed': 0.0,
                              'steeringAngleDeg': 0.0,
                              'torque': -0.0,
                              'torqueOutputCan': 0.0},
                'angularVelocity': [0.0, 0.0, 0.0],
                'brakeDEPRECATED': 0.0,
                'cruiseControl': {'accelOverrideDEPRECATED': 0.0,
                                  'cancel': False,
                                  'override': False,
                                  'resume': False,
                                  'speedOverrideDEPRECATED': 0.0},
                'currentCurvature': -0.0004372820258140564,
                'enabled': False,
                'gasDEPRECATED': 0.0,
                'hudControl': {'audibleAlert': 'none',
                               'lanesVisible': False,
                               'leadDistanceBars': 2,
                               'leadVisible': False,
                               'leftLaneDepart': False,
                               'leftLaneVisible': True,
                               'rightLaneDepart': False,
                               'rightLaneVisible': True,
                               'setSpeed': 70.83333587646484,
                               'speedVisible': False,
                               'visualAlert': 'none'},
                'latActive': False,
                'leftBlinker': False,
                'longActive': False,
                'orientationNED': [-9.054397196450736e-06, -0.0032373121939599514, 0.022434642538428307],
                'pitchDEPRECATED': 0.0,
                'rightBlinker': False,
                'rollDEPRECATED': 0.0,
                'steeringTorqueDEPRECATED': 0.0},
 'logMonoTime': 1714347654527,
 'valid': False}
{'controlsState': {'aEgoDEPRECATED': 0.0,
                   'aTargetDEPRECATED': 0.0,
                   'aTargetMaxDEPRECATED': 0.0,
                   'aTargetMinDEPRECATED': 0.0,
                   'activeDEPRECATED': False,
                   'alertBlinkingRateDEPRECATED': 0.0,
                   'alertSizeDEPRECATED': 'none',
                   'alertSound2DEPRECATED': 'none',
                   'alertStatusDEPRECATED': 'normal',
                   'angleModelBiasDEPRECATED': 0.0,
                   'angleSteersDEPRECATED': 0.0,
                   'awarenessStatusDEPRECATED': 0.0,
                   'canErrorCounterDEPRECATED': 0,
                   'canMonoTimeDEPRECATED': 0,
                   'cumLagMsDEPRECATED': 0.0,
                   'curvature': -0.0004372820258140564,
                   'decelForModelDEPRECATED': False,
                   'decelForTurnDEPRECATED': False,
                   'desiredCurvature': -0.0004372820258140564,
                   'desiredCurvatureRateDEPRECATED': 0.0,
                   'driverMonitoringOnDEPRECATED': False,
                   'enabledDEPRECATED': False,
                   'engageableDEPRECATED': False,
                   'experimentalModeDEPRECATED': False,
                   'forceDecel': False,
                   'gpsPlannerActiveDEPRECATED': False,
                   'hudLeadDEPRECATED': 0,
                   'jerkFactorDEPRECATED': 0.0,
                   'lateralControlState': {'torqueState': {'active': False,
                                                           'actualLateralAccel': 0.0,
                                                           'd': 0.0,
                                                           'desiredLateralAccel': 0.0,
                                                           'desiredLateralJerk': 0.0,
                                                           'error': 0.0,
                                                           'errorRate': 0.0,
                                                           'f': 0.0,
                                                           'i': 0.0,
                                                           'output': 0.0,
                                                           'p': 0.0,
                                                           'saturated': False,
                                                           'version': 1}},
                   'lateralPlanMonoTime': 1714337252223,
                   'longControlState': 'off',
                   'longitudinalPlanMonoTime': 1714301686529,
                   'mapValidDEPRECATED': False,
                   'mdMonoTimeDEPRECATED': 0,
                   'personalityDEPRECATED': 'aggressive',
                   'radarStateMonoTimeDEPRECATED': 0,
                   'rearViewCamDEPRECATED': False,
                   'startMonoTimeDEPRECATED': 0,
                   'stateDEPRECATED': 'disabled',
                   'steerOverrideDEPRECATED': False,
                   'steeringAngleDesiredDegDEPRECATED': 0.0,
                   'ufAccelCmd': 0.0,
                   'ufSteerDEPRECATED': 0.0,
                   'uiAccelCmd': 0.0,
                   'uiSteerDEPRECATED': 0.0,
                   'upAccelCmd': 0.0,
                   'upSteerDEPRECATED': 0.0,
                   'vCruiseClusterDEPRECATED': 0.0,
                   'vCruiseDEPRECATED': 0.0,
                   'vCurvatureDEPRECATED': 0.0,
                   'vEgoDEPRECATED': 0.0,
                   'vEgoRawDEPRECATED': 0.0,
                   'vPidDEPRECATED': 0.0,
                   'vTargetLeadDEPRECATED': 0.0,
                   'yActualDEPRECATED': 0.0,
                   'yDesDEPRECATED': 0.0},
 'logMonoTime': 1714347518971,
 'valid': False}
{'customReserved5': {}, 'logMonoTime': 1714347892102, 'valid': False}
{'logMonoTime': 1714344929813,
 'managerState': {'processes': [{'exitCode': 0, 'name': 'manage_athenad', 'pid': 0, 'running': False, 'shouldBeRunning': False},
                                {'exitCode': 0, 'name': 'loggerd', 'pid': 35691, 'running': True, 'shouldBeRunning': True},
                                {'exitCode': 0, 'name': 'encoderd', 'pid': 35720, 'running': True, 'shouldBeRunning': True},
                                {'exitCode': 0, 'name': 'stream_encoderd', 'pid': 0, 'running': False, 'shouldBeRunning': False},
                                {'exitCode': 0, 'name': 'logmessaged', 'pid': 26261, 'running': True, 'shouldBeRunning': True},
                                {'exitCode': 0, 'name': 'camerad', 'pid': 35758, 'running': True, 'shouldBeRunning': True},
                                {'exitCode': 0, 'name': 'webcamerad', 'pid': 0, 'running': False, 'shouldBeRunning': False},
                                {'exitCode': 0, 'name': 'proclogd', 'pid': 35832, 'running': True, 'shouldBeRunning': True},
                                {'exitCode': 0, 'name': 'journald', 'pid': 35876, 'running': True, 'shouldBeRunning': True},
                                {'exitCode': 0, 'name': 'micd', 'pid': 35976, 'running': True, 'shouldBeRunning': True},
                                {'exitCode': 0, 'name': 'timed', 'pid': 26278, 'running': True, 'shouldBeRunning': True},
                                {'exitCode': 0, 'name': 'modeld', 'pid': 36004, 'running': True, 'shouldBeRunning': True},
                                {'exitCode': 0, 'name': 'dmonitoringmodeld', 'pid': 36080, 'running': True, 'shouldBeRunning': True},
                                {'exitCode': 0, 'name': 'sensord', 'pid': 36102, 'running': True, 'shouldBeRunning': True},
                                {'exitCode': 0, 'name': 'ui', 'pid': 26316, 'running': True, 'shouldBeRunning': True},
                                {'exitCode': 0, 'name': 'soundd', 'pid': 36153, 'running': True, 'shouldBeRunning': True},
                                {'exitCode': 0, 'name': 'locationd', 'pid': 36172, 'running': True, 'shouldBeRunning': True},
                                {'exitCode': 0, 'name': '_pandad', 'pid': 0, 'running': False, 'shouldBeRunning': False},
                                {'exitCode': 0, 'name': 'calibrationd', 'pid': 36281, 'running': True, 'shouldBeRunning': True},
                                {'exitCode': 0, 'name': 'torqued', 'pid': 36385, 'running': True, 'shouldBeRunning': True},
                                {'exitCode': 0, 'name': 'controlsd', 'pid': 36418, 'running': True, 'shouldBeRunning': True},
                                {'exitCode': 0, 'name': 'joystickd', 'pid': 0, 'running': False, 'shouldBeRunning': False},
                                {'exitCode': 0, 'name': 'selfdrived', 'pid': 36451, 'running': True, 'shouldBeRunning': True},
                                {'exitCode': 0, 'name': 'card', 'pid': 36481, 'running': True, 'shouldBeRunning': True},
                                {'exitCode': 0, 'name': 'deleter', 'pid': 26347, 'running': True, 'shouldBeRunning': True},
                                {'exitCode': 0, 'name': 'dmonitoringd', 'pid': 36565, 'running': True, 'shouldBeRunning': True},
                                {'exitCode': 0, 'name': 'qcomgpsd', 'pid': 0, 'running': False, 'shouldBeRunning': False},
                                {'exitCode': 0, 'name': 'pandad', 'pid': 26376, 'running': True, 'shouldBeRunning': True},
                                {'exitCode': 0, 'name': 'paramsd', 'pid': 36583, 'running': True, 'shouldBeRunning': True},
                                {'exitCode': 0, 'name': 'lagd', 'pid': 36595, 'running': True, 'shouldBeRunning': True},
                                {'exitCode': 0, 'name': 'ubloxd', 'pid': 36642, 'running': True, 'shouldBeRunning': True},
                                {'exitCode': 0, 'name': 'pigeond', 'pid': 36743, 'running': True, 'shouldBeRunning': True},
                                {'exitCode': 0, 'name': 'plannerd', 'pid': 36785, 'running': True, 'shouldBeRunning': True},
                                {'exitCode': 0, 'name': 'maneuversd', 'pid': 0, 'running': False, 'shouldBeRunning': False},
                                {'exitCode': 0, 'name': 'radard', 'pid': 36859, 'running': True, 'shouldBeRunning': True},
                                {'exitCode': 0, 'name': 'hardwared', 'pid': 26418, 'running': True, 'shouldBeRunning': True},
                                {'exitCode': 0, 'name': 'tombstoned', 'pid': 26445, 'running': True, 'shouldBeRunning': True},
                                {'exitCode': 0, 'name': 'updated', 'pid': 0, 'running': False, 'shouldBeRunning': False},
                                {'exitCode': 0, 'name': 'uploader', 'pid': 26518, 'running': True, 'shouldBeRunning': True},
                                {'exitCode': 0, 'name': 'statsd', 'pid': 26564, 'running': True, 'shouldBeRunning': True},
                                {'exitCode': 0, 'name': 'feedbackd', 'pid': 36885, 'running': True, 'shouldBeRunning': True},
                                {'exitCode': 0, 'name': 'bridge', 'pid': 0, 'running': False, 'shouldBeRunning': False},
                                {'exitCode': 0, 'name': 'webrtcd', 'pid': 0, 'running': False, 'shouldBeRunning': False},
                                {'exitCode': 0, 'name': 'webjoystick', 'pid': 0, 'running': False, 'shouldBeRunning': False},
                                {'exitCode': 0, 'name': 'joystick', 'pid': 0, 'running': False, 'shouldBeRunning': False},
                                {'exitCode': 0, 'name': 'manage_sunnylinkd', 'pid': 0, 'running': False, 'shouldBeRunning': False},
                                {'exitCode': 0, 'name': 'sunnylink_registration_manager', 'pid': 0, 'running': False, 'shouldBeRunning': False},
                                {'exitCode': 0, 'name': 'statsd_sp', 'pid': 0, 'running': False, 'shouldBeRunning': False},
                                {'exitCode': 0, 'name': 'models_manager', 'pid': 0, 'running': False, 'shouldBeRunning': False},
                                {'exitCode': 0, 'name': 'modeld_tinygrad', 'pid': 0, 'running': False, 'shouldBeRunning': False},
                                {'exitCode': 0, 'name': 'backup_manager', 'pid': 0, 'running': False, 'shouldBeRunning': False},
                                {'exitCode': 0, 'name': 'mapd', 'pid': 28185, 'running': True, 'shouldBeRunning': True},
                                {'exitCode': 0, 'name': 'mapd_manager', 'pid': 28320, 'running': True, 'shouldBeRunning': True},
                                {'exitCode': 0, 'name': 'locationd_llk', 'pid': 36902, 'running': True, 'shouldBeRunning': True},
                                {'exitCode': 0, 'name': 'github_runner_start', 'pid': 0, 'running': False, 'shouldBeRunning': False},
                                {'exitCode': 0, 'name': 'sunnylink_uploader', 'pid': 0, 'running': False, 'shouldBeRunning': False},
                                {'exitCode': 0, 'name': 'copyparty-sfx', 'pid': 0, 'running': False, 'shouldBeRunning': False}]},
 'valid': True}